Soil_Type,Crop_Type,Nitrogen,Phosphorus,Potassium,pH,Moisture,Temperature,Humidity,Fertilizer
Red,Groundnut,87,91,79,6.0,54.9,37.1,72.9,17-17-17
Sandy,Millets,112,34,42,8.4,26.0,30.8,71.9,DAP
Red,Maize,53,95,63,6.8,51.2,23.3,53.7,Urea
Red,Chickpea,25,77,43,7.3,27.3,29.3,66.7,Urea
Red,Maize,6,88,96,5.5,44.3,37.0,65.3,Urea
Red,Groundnut,108,8,6,6.3,70.5,28.9,41.5,DAP
Clayey,Sugarcane,78,66,18,6.8,67.1,30.2,41.4,10-26-26
Red,Millets,57,28,30,6.3,44.4,20.8,54.6,DAP
Red,Pulses,93,75,13,6.0,39.8,30.9,52.4,10-26-26
Loamy,Millets,39,39,37,7.6,65.8,23.6,40.2,28-28-0
Clayey,Wheat,38,37,52,7.4,68.2,26.5,45.2,28-28-0
Sandy,Groundnut,105,51,82,6.9,69.4,33.1,68.7,DAP
Loamy,Chickpea,83,19,94,5.6,37.8,33.0,50.6,DAP
Loamy,Chickpea,113,19,47,6.2,70.4,25.7,62.9,DAP
Sandy,Cotton,49,66,61,8.3,33.1,21.4,53.0,Urea
Red,Wheat,96,93,66,7.1,69.6,34.5,48.4,17-17-17
Loamy,Rice,107,74,76,8.1,65.9,24.1,59.2,17-17-17
Sandy,Pulses,36,92,56,6.0,37.2,32.5,52.1,Urea
Loamy,Rice,105,60,85,7.6,59.8,24.6,51.1,17-17-17
Clayey,Rice,23,6,57,8.2,38.9,29.0,42.3,28-28-0
Red,Sugarcane,73,74,90,7.9,37.1,21.5,56.6,17-17-17
Loamy,Rice,63,40,23,7.3,27.0,25.8,48.4,10-26-26
Black,Chickpea,43,86,5,6.7,72.0,26.3,44.3,10-26-26
Loamy,Pulses,20,94,64,6.2,59.8,23.8,64.4,Urea
Clayey,Rice,13,23,52,8.1,52.9,37.9,83.4,28-28-0
Red,Chickpea,76,40,42,5.8,57.1,36.0,75.1,DAP
Red,Millets,22,86,70,8.4,72.0,30.5,56.8,Urea
Black,Sugarcane,25,52,24,6.2,60.6,31.7,50.1,10-26-26
Black,Millets,26,34,42,6.6,29.7,31.8,65.6,28-28-0
Sandy,Sugarcane,101,32,68,6.6,46.7,28.8,80.8,DAP
Sandy,Rice,21,48,96,7.8,53.6,24.1,62.5,Urea
Black,Wheat,99,64,67,7.2,41.5,33.5,82.9,17-17-17
Loamy,Wheat,62,71,50,8.3,52.8,25.7,47.6,17-17-17
Clayey,Millets,6,94,21,7.1,32.0,31.1,84.6,10-26-26
Loamy,Millets,30,54,29,6.4,52.6,22.5,71.9,Urea
Sandy,Millets,12,20,18,6.1,56.4,21.5,40.2,14-35-14
Red,Chickpea,62,67,66,6.5,58.6,30.4,59.7,17-17-17
Clayey,Sugarcane,111,64,12,6.4,26.9,35.5,51.3,10-26-26
Red,Wheat,98,51,59,5.7,29.3,23.9,68.0,DAP
Red,Millets,67,23,96,5.6,60.7,22.4,83.6,DAP
Clayey,Groundnut,5,62,5,7.6,66.8,20.5,83.3,10-26-26
Loamy,Maize,67,73,26,7.7,72.7,31.9,52.6,17-17-17
Black,Groundnut,82,96,73,5.5,62.9,24.5,56.0,17-17-17
Red,Rice,104,37,98,7.9,63.2,23.2,40.8,DAP
Clayey,Wheat,23,62,5,6.6,27.3,31.1,68.6,10-26-26
Sandy,Millets,96,36,95,8.3,72.2,32.3,67.7,DAP
Red,Cotton,105,16,71,7.1,47.9,27.0,68.9,DAP
Loamy,Rice,50,6,39,6.1,38.7,31.7,49.3,DAP
Loamy,Groundnut,119,11,72,6.5,59.1,31.8,57.3,DAP
Clayey,Wheat,40,14,77,7.9,61.8,31.3,79.5,DAP
Black,Millets,28,27,66,7.8,43.6,37.8,58.6,28-28-0
Red,Wheat,21,66,88,5.8,62.7,27.7,73.8,Urea
Sandy,Pulses,80,13,75,8.2,25.5,36.1,57.5,DAP
Black,Cotton,56,89,57,7.3,29.6,28.9,43.7,Urea
Loamy,Groundnut,9,39,91,8.5,73.7,22.0,81.9,Urea
Red,Maize,50,17,44,8.0,68.3,32.4,77.7,DAP
Clayey,Pulses,12,69,90,6.2,50.7,36.1,46.6,Urea
Loamy,Cotton,35,23,65,6.6,62.7,37.1,84.4,DAP
Black,Sugarcane,118,96,62,6.3,46.7,24.5,54.9,17-17-17
Red,Cotton,96,66,67,7.5,62.2,33.8,77.0,17-17-17
Loamy,Rice,36,49,65,5.5,73.2,35.6,50.1,20-20-0
Sandy,Wheat,22,51,53,8.4,52.7,37.9,43.3,Urea
Sandy,Rice,78,20,76,8.2,61.9,32.5,57.3,DAP
Red,Sugarcane,12,62,64,7.4,33.5,21.9,55.1,Urea
Red,Maize,21,77,37,7.6,74.3,21.4,83.8,Urea
Red,Wheat,10,86,73,5.7,31.7,30.9,52.2,Urea
Clayey,Pulses,37,69,22,6.0,52.6,21.5,79.4,10-26-26
Black,Rice,81,37,5,8.0,73.5,30.7,57.1,10-26-26
Red,Wheat,105,57,41,7.2,74.8,34.6,85.0,DAP
Loamy,Chickpea,8,66,69,6.3,37.6,24.3,49.2,Urea
Clayey,Rice,7,54,16,7.1,58.6,26.4,45.1,10-26-26
Red,Rice,51,27,83,5.9,45.2,30.1,79.4,DAP
Sandy,Wheat,102,42,54,7.4,70.2,31.5,76.2,DAP
Clayey,Maize,42,92,83,6.5,70.2,27.1,59.7,Urea
Clayey,Groundnut,78,21,88,8.3,32.4,35.5,82.7,DAP
Sandy,Millets,116,79,27,7.4,41.4,37.6,62.2,17-17-17
Black,Groundnut,71,71,31,6.5,34.1,22.5,68.8,17-17-17
Sandy,Maize,65,26,25,6.3,33.4,23.5,41.8,DAP
Loamy,Sugarcane,94,49,31,5.9,69.7,29.6,56.0,DAP
Clayey,Pulses,67,52,65,8.1,29.1,34.4,68.3,DAP
Clayey,Rice,51,60,90,8.5,54.9,35.6,43.8,Urea
Clayey,Groundnut,115,27,22,7.6,37.6,33.5,41.7,DAP
Black,Sugarcane,43,61,21,6.0,61.9,27.1,44.7,10-26-26
Clayey,Groundnut,14,71,22,6.9,42.1,29.6,50.5,10-26-26
Clayey,Cotton,105,10,56,6.6,53.2,30.0,66.4,DAP
Black,Maize,26,25,74,6.2,55.3,26.4,84.4,28-28-0
Red,Sugarcane,13,7,35,5.7,65.3,35.3,44.0,28-28-0
Sandy,Millets,8,83,10,8.4,44.9,37.7,45.0,10-26-26
Loamy,Sugarcane,79,12,30,7.7,66.0,28.8,72.5,DAP
Sandy,Chickpea,101,24,16,6.8,41.2,33.9,48.4,DAP
Clayey,Rice,81,7,37,8.3,50.3,33.8,43.9,DAP
Clayey,Sugarcane,44,6,88,6.1,52.4,28.2,64.7,DAP
Sandy,Rice,39,98,99,7.3,48.7,20.0,45.3,Urea
Sandy,Rice,13,38,80,7.7,31.2,35.0,83.4,Urea
Black,Chickpea,15,18,64,7.8,27.4,36.7,72.5,28-28-0
Sandy,Chickpea,93,46,93,8.2,56.7,23.4,50.6,DAP
Black,Maize,21,70,82,7.2,46.9,31.2,64.3,Urea
Black,Wheat,46,68,19,7.7,41.6,29.8,59.4,10-26-26
Red,Rice,105,31,59,7.8,74.9,33.3,65.8,DAP
Red,Rice,42,17,35,6.5,68.8,30.3,74.3,DAP
Sandy,Cotton,51,72,80,5.9,64.9,22.3,57.9,Urea
Black,Maize,73,24,15,6.3,52.1,31.5,71.2,DAP
Clayey,Millets,93,64,47,7.0,54.3,37.1,46.9,17-17-17
Red,Cotton,35,13,55,7.8,57.6,34.2,41.0,DAP
Loamy,Millets,114,40,58,8.5,30.7,36.7,60.3,DAP
Loamy,Groundnut,51,77,57,7.3,36.4,26.0,54.0,Urea
Clayey,Pulses,29,94,79,6.7,41.7,34.5,40.2,Urea
Clayey,Sugarcane,63,55,58,7.3,70.9,28.4,61.6,DAP
Loamy,Millets,67,26,30,6.6,70.7,29.0,58.9,DAP
Sandy,Maize,90,96,67,7.2,47.9,29.3,83.9,17-17-17
Loamy,Millets,60,87,66,6.8,44.9,25.4,53.9,17-17-17
Sandy,Rice,119,51,70,6.4,54.4,26.8,77.6,DAP
Red,Sugarcane,12,33,59,5.8,63.3,28.7,62.4,28-28-0
Black,Groundnut,91,59,96,6.7,57.2,26.7,52.2,DAP
Sandy,Maize,76,58,71,6.1,37.7,27.3,64.8,DAP
Loamy,Chickpea,36,50,20,8.5,65.3,30.0,72.4,10-26-26
Red,Cotton,11,78,11,8.2,39.7,32.0,49.2,10-26-26
Sandy,Rice,6,5,51,6.8,54.2,20.5,48.2,28-28-0
Red,Wheat,24,9,41,5.6,43.2,26.0,77.1,28-28-0
Loamy,Sugarcane,28,85,78,7.8,72.4,27.9,53.3,Urea
Black,Millets,18,13,44,5.6,46.3,36.1,76.0,28-28-0
Sandy,Maize,30,62,33,6.8,57.3,27.2,49.8,Urea
Sandy,Maize,42,38,21,7.2,30.9,20.3,81.1,10-26-26
Loamy,Wheat,31,61,35,5.9,30.3,29.0,72.4,Urea
Black,Sugarcane,49,21,30,6.0,58.3,30.8,67.0,DAP
Red,Wheat,69,55,57,8.4,42.7,33.9,59.0,DAP
Black,Cotton,117,63,43,6.6,39.4,24.4,57.5,17-17-17
Black,Millets,60,37,40,5.9,72.7,37.1,57.8,DAP
Black,Cotton,102,77,30,7.3,49.8,30.7,42.3,17-17-17
Sandy,Maize,108,46,29,7.6,45.6,26.2,55.8,DAP
Black,Groundnut,102,16,23,6.3,59.7,34.7,76.0,DAP
Red,Wheat,117,51,16,7.6,64.5,34.5,83.3,10-26-26
Black,Millets,74,76,29,7.6,57.9,33.2,76.3,17-17-17
Loamy,Maize,36,14,20,7.5,27.6,31.6,71.2,DAP
Loamy,Groundnut,11,13,52,5.6,70.8,23.3,65.6,28-28-0
Clayey,Millets,103,22,63,5.7,62.3,27.6,75.8,DAP
Loamy,Groundnut,7,41,47,6.9,53.0,31.7,56.4,Urea
Clayey,Millets,97,90,29,7.1,40.8,33.0,42.9,17-17-17
Loamy,Maize,46,38,34,5.6,36.6,35.9,67.7,17-17-17
Sandy,Groundnut,33,66,97,8.5,64.9,29.5,82.3,Urea
Red,Wheat,29,88,9,7.8,74.2,31.3,79.3,10-26-26
Loamy,Rice,66,41,29,6.4,39.4,22.0,56.0,14-35-14
Sandy,Rice,16,63,41,7.5,44.2,37.8,59.2,Urea
Black,Wheat,66,81,29,7.3,69.2,30.6,84.2,17-17-17
Red,Groundnut,119,78,61,6.2,66.9,21.2,58.1,17-17-17
Loamy,Pulses,91,53,13,7.4,65.0,37.2,77.2,10-26-26
Red,Chickpea,66,21,92,7.8,44.8,37.9,47.8,DAP
Black,Chickpea,18,15,60,7.3,51.8,24.0,50.1,28-28-0
Black,Chickpea,13,83,44,8.1,72.8,22.3,80.0,Urea
Sandy,Pulses,9,52,94,5.5,37.6,33.2,52.7,Urea
Sandy,Maize,44,49,66,8.1,28.8,24.0,70.7,20-20-0
Clayey,Chickpea,37,10,92,8.1,52.2,30.3,69.8,DAP
Red,Chickpea,93,57,46,8.0,60.4,35.3,79.0,DAP
Black,Cotton,119,35,27,8.1,69.0,33.5,47.1,14-35-14
Clayey,Wheat,100,17,50,5.5,50.4,34.7,77.4,DAP
Loamy,Rice,39,74,87,7.1,56.7,31.4,51.7,Urea
Clayey,Groundnut,41,97,26,6.0,44.6,27.8,77.8,Urea
Red,Cotton,26,21,14,7.6,40.0,32.4,43.1,14-35-14
Loamy,Sugarcane,51,33,80,8.5,67.6,21.0,43.4,Urea
Black,Cotton,10,83,36,5.6,26.2,22.3,74.1,Urea
Black,Chickpea,85,17,43,8.5,38.7,32.3,60.1,DAP
Sandy,Groundnut,26,79,31,7.5,29.1,32.5,49.9,Urea
Loamy,Chickpea,105,63,88,8.2,61.6,37.3,41.4,17-17-17
Black,Sugarcane,19,38,65,8.2,45.5,24.9,84.3,Urea
Loamy,Chickpea,76,64,50,6.9,68.2,31.7,56.6,17-17-17
Loamy,Pulses,75,7,97,7.1,47.7,21.6,46.9,DAP
Red,Wheat,75,21,88,5.5,48.1,37.4,48.3,DAP
Loamy,Cotton,6,92,76,7.2,28.2,23.6,62.1,Urea
Sandy,Rice,36,15,49,7.3,49.0,21.3,57.7,DAP
Loamy,Pulses,45,21,80,7.7,61.2,37.1,80.9,DAP
Red,Pulses,6,37,81,6.5,25.5,32.6,65.2,Urea
Sandy,Rice,50,19,48,7.2,31.6,21.4,57.9,DAP
Black,Rice,99,36,45,7.3,54.7,22.2,80.3,DAP
Red,Maize,11,79,88,6.5,65.1,35.7,72.1,Urea
Clayey,Cotton,18,79,86,6.0,27.0,34.1,61.6,Urea
Red,Sugarcane,59,49,12,6.2,68.6,24.4,47.2,10-26-26
Sandy,Groundnut,26,41,60,7.7,52.8,31.9,62.4,Urea
Black,Pulses,67,83,11,5.7,59.0,31.7,49.0,10-26-26
Sandy,Rice,112,24,64,6.5,46.3,33.1,73.4,DAP
Clayey,Millets,104,70,83,7.7,46.9,35.6,66.0,17-17-17
Red,Maize,16,7,22,8.2,54.6,27.6,52.5,14-35-14
Sandy,Millets,91,46,48,8.2,60.8,33.2,45.9,DAP
Sandy,Maize,115,18,93,8.1,37.4,35.4,62.2,DAP
Clayey,Cotton,39,9,69,6.7,40.6,21.7,69.3,DAP
Red,Millets,71,18,84,6.2,47.7,22.4,83.6,DAP
Loamy,Pulses,88,32,41,6.3,72.4,28.1,66.5,DAP
Red,Wheat,83,10,65,7.3,65.3,28.5,78.0,DAP
Clayey,Cotton,5,39,74,5.7,36.6,37.8,45.5,Urea
Sandy,Wheat,24,57,92,7.6,54.2,21.6,44.6,Urea
Loamy,Maize,54,27,48,7.0,47.7,31.5,79.1,DAP
Red,Sugarcane,12,89,5,8.3,32.2,22.3,46.0,10-26-26
Sandy,Groundnut,59,94,47,7.6,33.9,28.0,79.1,Urea
Clayey,Maize,76,93,50,5.6,53.5,31.1,79.1,17-17-17
Loamy,Cotton,109,94,66,7.5,66.3,30.8,82.3,17-17-17
Clayey,Maize,17,77,81,8.5,68.3,30.9,54.3,Urea
Black,Pulses,74,86,17,7.5,41.4,35.8,58.2,10-26-26
Black,Pulses,89,19,69,7.4,39.8,35.6,56.9,DAP
Sandy,Groundnut,39,48,94,7.1,54.8,26.8,64.7,20-20-0
Clayey,Chickpea,70,74,32,8.4,52.1,33.7,62.5,17-17-17
Sandy,Wheat,48,19,47,7.2,44.9,26.1,57.1,DAP
Clayey,Groundnut,84,51,19,6.8,66.1,32.9,63.5,10-26-26
Red,Pulses,38,82,72,6.6,71.7,36.7,42.7,Urea
Red,Wheat,110,40,34,7.2,51.6,32.1,81.8,DAP
Clayey,Maize,99,78,43,6.0,31.1,24.9,58.6,17-17-17
Loamy,Groundnut,11,58,5,7.0,73.1,30.2,51.5,10-26-26
Sandy,Millets,90,96,13,8.0,55.1,31.4,82.8,10-26-26
Clayey,Pulses,53,30,95,7.8,70.3,23.1,56.2,Urea
Red,Wheat,22,23,40,7.5,46.2,24.9,77.0,28-28-0
Clayey,Rice,25,85,26,6.9,68.5,22.8,50.6,Urea
Black,Wheat,61,29,6,6.7,36.6,30.9,64.6,DAP
Sandy,Chickpea,79,28,64,7.7,47.3,32.2,59.9,DAP
Red,Chickpea,108,40,7,5.7,38.7,33.0,66.0,10-26-26
Loamy,Pulses,6,64,9,7.1,28.5,24.1,56.0,10-26-26
Clayey,Wheat,6,91,48,6.1,47.8,32.2,50.4,Urea
Loamy,Maize,62,40,73,7.2,41.7,37.9,60.1,DAP
Clayey,Pulses,16,12,88,6.5,62.8,21.7,60.3,28-28-0
Sandy,Chickpea,112,69,34,7.7,26.0,22.2,83.8,17-17-17
Red,Wheat,20,80,42,5.9,62.8,31.2,44.0,Urea
Clayey,Cotton,109,89,6,6.5,36.4,21.1,45.3,10-26-26
Loamy,Pulses,86,59,10,8.3,39.0,29.2,77.1,10-26-26
Black,Chickpea,53,46,42,7.0,44.6,30.3,65.5,17-17-17
Sandy,Maize,84,11,56,7.9,68.4,26.9,79.5,DAP
Sandy,Pulses,86,14,29,8.4,36.2,20.4,46.9,DAP
Loamy,Maize,84,58,56,5.9,55.3,28.6,54.1,DAP
Black,Chickpea,102,72,29,5.7,43.4,27.2,46.6,17-17-17
Sandy,Cotton,82,24,22,6.4,46.6,29.9,83.5,DAP
Sandy,Sugarcane,9,87,38,6.7,43.2,20.3,67.1,Urea
Clayey,Pulses,91,87,13,6.4,56.0,28.7,73.9,10-26-26
Sandy,Chickpea,101,8,8,7.6,30.1,22.2,53.6,DAP
Loamy,Groundnut,42,54,67,7.5,33.7,24.2,49.9,17-17-17
Red,Wheat,90,18,75,7.1,42.7,27.3,69.4,DAP
Sandy,Wheat,106,83,25,6.9,45.8,33.8,40.5,17-17-17
Clayey,Groundnut,113,89,57,8.0,41.2,23.4,67.9,17-17-17
Sandy,Maize,67,25,56,7.1,30.5,37.3,62.0,DAP
Sandy,Groundnut,108,97,56,7.7,41.2,28.8,46.8,17-17-17
Clayey,Sugarcane,13,45,5,7.9,72.8,34.1,80.1,10-26-26
Red,Maize,108,25,32,6.3,71.5,21.4,52.6,DAP
Clayey,Groundnut,91,92,49,8.2,36.3,27.0,60.3,17-17-17
Sandy,Chickpea,91,47,5,5.6,59.0,33.3,63.0,10-26-26
Black,Chickpea,114,15,56,6.6,61.9,20.2,83.0,DAP
Black,Chickpea,100,12,68,7.5,29.9,23.3,47.8,DAP
Red,Sugarcane,83,54,71,8.4,36.4,36.2,75.2,DAP
Red,Rice,66,14,25,7.1,57.2,31.1,74.9,DAP
Red,Cotton,20,36,36,8.3,49.3,28.5,45.1,Urea
Black,Maize,108,63,82,5.8,54.9,20.8,45.0,17-17-17
Clayey,Pulses,50,25,36,6.1,31.1,37.0,50.8,DAP
Loamy,Groundnut,12,50,11,6.2,56.8,24.7,64.5,10-26-26
Red,Groundnut,96,33,17,6.3,62.7,21.0,54.4,10-26-26
Clayey,Maize,119,27,92,6.1,65.9,22.4,72.7,DAP
Black,Sugarcane,27,33,34,5.8,55.6,33.6,73.5,17-17-17
Red,Groundnut,20,76,5,6.9,33.0,31.5,74.3,10-26-26
Black,Wheat,111,93,14,7.9,45.1,37.9,44.5,10-26-26
Black,Wheat,90,94,62,7.2,64.2,23.4,56.0,17-17-17
Red,Sugarcane,79,20,99,6.6,72.9,33.4,49.1,DAP
Black,Groundnut,28,30,41,7.7,47.4,37.9,56.6,28-28-0
Sandy,Sugarcane,64,61,49,6.0,26.5,20.0,48.0,17-17-17
Loamy,Cotton,84,62,59,5.7,57.1,30.6,61.6,17-17-17
Red,Cotton,64,64,23,7.3,55.0,21.0,61.9,10-26-26
Black,Rice,35,68,23,7.6,64.2,21.1,55.0,10-26-26
Loamy,Cotton,51,79,61,7.3,36.0,27.8,44.0,Urea
Sandy,Sugarcane,19,74,51,6.0,49.8,23.1,68.7,Urea
Loamy,Groundnut,7,81,98,8.4,53.3,37.1,49.1,Urea
Sandy,Sugarcane,39,50,30,5.7,64.1,32.6,81.8,Urea
Sandy,Chickpea,9,74,94,6.9,65.1,35.2,48.4,Urea
Clayey,Cotton,50,64,64,5.7,25.4,36.4,75.1,17-17-17
Red,Pulses,34,90,96,5.7,28.4,31.8,83.0,Urea
Black,Groundnut,99,93,81,6.6,73.7,25.0,75.4,17-17-17
Red,Sugarcane,111,61,25,7.4,27.3,22.8,78.4,17-17-17
Clayey,Cotton,79,24,92,5.6,70.0,27.4,55.6,DAP
Sandy,Groundnut,62,25,86,7.7,38.0,20.9,58.8,DAP
Black,Wheat,89,16,65,6.4,41.9,33.1,48.6,DAP
Loamy,Pulses,37,85,28,8.1,37.5,22.7,50.1,Urea
Red,Maize,74,74,69,7.1,60.4,33.0,43.0,17-17-17
Sandy,Wheat,116,55,43,6.9,58.5,37.0,78.2,DAP
Red,Sugarcane,68,67,53,6.9,65.3,21.1,63.1,17-17-17
Sandy,Groundnut,108,89,83,7.1,62.8,23.0,54.9,17-17-17
Red,Sugarcane,30,67,70,8.5,47.6,35.7,50.7,Urea
Black,Pulses,56,27,93,5.8,49.9,36.4,64.2,DAP
Black,Maize,28,96,45,7.1,35.2,34.0,83.4,Urea
Sandy,Cotton,108,86,46,8.2,44.8,31.4,75.9,17-17-17
Red,Cotton,111,44,37,8.2,43.2,23.0,67.6,DAP
Sandy,Rice,114,23,36,7.9,40.7,33.2,76.9,DAP
Red,Pulses,25,34,17,7.0,74.4,33.3,54.4,10-26-26
Red,Maize,73,29,7,5.9,57.8,37.9,84.1,DAP
Red,Rice,65,96,97,7.7,29.0,32.9,80.1,17-17-17
Red,Pulses,70,51,77,8.5,63.0,36.5,45.0,DAP
Clayey,Wheat,32,94,66,6.2,51.3,34.7,79.6,Urea
Sandy,Rice,79,61,27,6.1,62.0,27.6,80.7,17-17-17
Loamy,Sugarcane,88,20,38,7.4,74.0,35.1,61.2,DAP
Black,Maize,5,76,91,8.1,33.7,32.4,43.1,Urea
Red,Chickpea,61,57,50,5.7,43.0,35.6,49.7,DAP
Red,Cotton,86,10,95,7.5,64.4,35.7,74.5,DAP
Black,Groundnut,76,66,39,8.1,48.0,22.0,60.1,17-17-17
Black,Chickpea,91,26,52,8.3,62.0,27.6,41.9,DAP
Black,Pulses,49,75,82,8.0,60.0,37.5,77.2,Urea
Black,Pulses,42,57,65,6.8,56.8,31.3,64.0,Urea
Loamy,Cotton,79,57,63,6.4,48.4,24.4,40.6,DAP
Red,Pulses,90,45,59,6.5,68.9,21.2,79.5,DAP
Red,Rice,73,52,24,7.1,67.8,30.5,84.8,10-26-26
Black,Wheat,39,85,92,5.6,51.3,28.8,73.2,Urea
Sandy,Rice,19,23,30,6.9,70.5,32.5,43.7,17-17-17
Sandy,Cotton,55,8,59,7.9,47.3,23.1,82.7,DAP
Red,Groundnut,70,92,38,7.5,49.4,21.9,57.3,17-17-17
Loamy,Groundnut,21,65,16,6.3,28.5,29.1,68.5,10-26-26
Clayey,Sugarcane,113,44,18,6.9,48.5,36.3,50.7,10-26-26
Sandy,Chickpea,117,66,12,8.1,51.9,28.5,66.6,10-26-26
Red,Cotton,110,58,13,6.2,46.9,25.1,60.8,10-26-26
Sandy,Millets,59,45,43,8.1,51.6,25.1,76.8,Urea
Black,Chickpea,80,76,76,6.8,44.7,22.4,52.4,17-17-17
Sandy,Wheat,73,12,29,8.4,66.2,30.9,53.9,DAP
Sandy,Groundnut,72,98,37,6.3,68.6,34.9,41.8,17-17-17
Clayey,Cotton,80,19,45,8.2,52.5,21.7,66.8,DAP
Clayey,Groundnut,14,18,86,7.3,43.1,32.0,70.5,28-28-0
Loamy,Chickpea,6,97,42,5.9,61.2,31.0,79.3,Urea
Clayey,Chickpea,49,83,94,7.0,39.8,20.2,59.0,Urea
Sandy,Wheat,42,32,25,8.0,48.3,34.5,49.7,14-35-14
Black,Sugarcane,34,64,36,6.4,38.8,27.7,70.3,Urea
Black,Chickpea,52,36,61,6.5,46.5,35.4,81.2,Urea
Red,Sugarcane,11,72,41,6.0,50.6,27.1,63.7,Urea
Loamy,Millets,96,39,47,7.4,26.3,26.2,47.0,DAP
Loamy,Rice,80,69,35,6.2,43.2,32.2,67.3,17-17-17
Loamy,Cotton,79,49,8,7.0,26.4,22.5,61.9,10-26-26
Black,Sugarcane,19,34,46,7.8,26.2,27.0,47.2,28-28-0
Clayey,Wheat,72,22,77,8.2,40.7,22.1,83.0,DAP
Sandy,Rice,116,26,72,6.7,44.5,25.2,83.3,DAP
Sandy,Wheat,91,55,7,6.2,33.4,28.6,64.0,10-26-26
Sandy,Maize,48,15,72,6.3,42.1,23.5,42.6,DAP
Loamy,Chickpea,15,55,21,7.4,47.2,30.4,46.3,10-26-26
Red,Chickpea,107,89,12,6.9,64.6,25.4,54.7,10-26-26
Loamy,Wheat,102,15,58,7.3,31.6,32.8,80.8,DAP
Sandy,Sugarcane,45,50,16,7.5,27.9,33.4,64.7,10-26-26
Loamy,Sugarcane,74,59,79,7.8,29.7,37.1,63.1,DAP
Black,Rice,82,95,86,8.1,53.9,29.2,62.2,17-17-17
Red,Chickpea,49,85,85,5.7,74.8,34.5,61.4,Urea
Loamy,Rice,17,51,65,6.8,69.2,36.1,42.8,Urea
Clayey,Groundnut,46,68,25,7.6,61.1,28.6,70.9,Urea
Loamy,Maize,23,12,30,5.5,72.9,25.0,49.5,20-20-0
Black,Rice,108,12,9,5.9,62.0,33.3,77.5,DAP
Loamy,Pulses,50,82,8,7.0,29.4,35.2,67.6,10-26-26
Black,Sugarcane,38,49,65,8.3,65.4,26.3,45.0,20-20-0
Black,Chickpea,20,64,70,8.0,30.6,35.6,70.7,Urea
Clayey,Maize,12,91,82,6.3,36.6,27.3,53.3,Urea
Black,Millets,34,57,17,7.1,67.1,20.4,66.2,10-26-26
Black,Wheat,27,36,66,8.2,31.1,26.4,69.2,Urea
Red,Cotton,57,28,83,6.2,48.2,31.5,63.7,DAP
Red,Sugarcane,82,38,86,7.0,38.6,22.6,74.9,DAP
Clayey,Millets,117,97,30,5.8,45.1,33.0,52.2,17-17-17
Loamy,Maize,68,33,32,6.2,25.2,21.1,77.8,DAP
Loamy,Pulses,86,19,55,7.2,68.3,22.3,65.4,DAP
Loamy,Chickpea,91,94,33,5.8,58.8,26.8,82.1,17-17-17
Red,Rice,25,17,37,6.0,25.2,31.4,71.7,28-28-0
Red,Millets,88,87,87,6.3,72.2,22.3,70.4,17-17-17
Clayey,Wheat,103,51,22,8.1,44.3,21.9,62.4,10-26-26
Red,Chickpea,104,35,6,7.2,34.3,20.1,78.7,10-26-26
Loamy,Pulses,91,49,38,7.9,57.4,35.7,72.9,DAP
Red,Pulses,108,58,58,6.7,57.2,33.3,54.2,DAP
Red,Rice,58,14,57,8.0,58.3,21.5,41.9,DAP
Clayey,Wheat,104,18,14,5.6,41.9,20.3,57.1,DAP
Loamy,Chickpea,33,47,29,6.3,70.3,33.3,54.9,20-20-0
Clayey,Cotton,51,85,96,7.8,40.6,29.3,70.5,Urea
Sandy,Sugarcane,11,29,37,6.0,43.4,21.4,57.2,28-28-0
Clayey,Groundnut,104,81,11,7.2,53.5,24.0,68.9,10-26-26
Black,Cotton,76,49,90,7.8,64.2,20.4,80.4,DAP
Black,Cotton,91,48,94,6.9,55.2,32.8,82.2,DAP
Clayey,Cotton,79,19,36,7.5,51.5,37.8,50.8,DAP
Loamy,Sugarcane,29,14,49,8.2,56.0,23.7,72.7,28-28-0
Black,Chickpea,79,69,53,6.0,70.3,37.7,63.7,17-17-17
Red,Cotton,118,9,88,7.6,59.5,29.7,42.7,DAP
Loamy,Cotton,19,65,25,7.1,72.9,28.1,46.0,Urea
Clayey,Wheat,10,97,12,7.2,47.9,29.8,48.1,10-26-26
Loamy,Rice,74,45,20,6.2,67.7,37.7,75.7,10-26-26
Black,Cotton,80,15,93,7.1,72.7,29.0,58.3,DAP
Black,Maize,112,33,63,5.5,25.7,23.2,49.6,DAP
Loamy,Maize,17,12,98,7.8,73.9,37.3,63.5,28-28-0
Loamy,Cotton,97,90,48,7.8,73.0,28.2,75.2,17-17-17
Sandy,Pulses,47,89,92,6.2,71.3,20.2,56.1,Urea
Clayey,Millets,97,71,17,6.2,37.7,29.3,76.4,10-26-26
Loamy,Cotton,93,97,75,7.0,72.7,22.8,84.6,17-17-17
Black,Rice,95,94,82,8.4,70.9,27.1,73.9,17-17-17
Clayey,Rice,69,5,62,6.7,53.7,37.9,57.4,DAP
Red,Cotton,69,21,26,6.2,62.6,20.5,77.8,DAP
Sandy,Maize,25,80,30,7.2,61.0,24.0,59.4,Urea
Black,Chickpea,9,25,82,8.0,70.2,22.6,59.4,28-28-0
Clayey,Cotton,116,23,50,6.3,35.2,36.0,64.5,DAP
Black,Pulses,28,31,44,6.7,50.3,21.2,82.3,28-28-0
Clayey,Cotton,53,91,57,7.0,66.2,33.9,55.9,Urea
Red,Millets,61,64,58,7.8,31.4,27.7,41.7,17-17-17
Sandy,Sugarcane,88,7,55,5.5,35.2,33.0,49.0,DAP
Red,Sugarcane,73,17,91,7.7,58.2,37.4,50.1,DAP
Sandy,Maize,51,43,20,6.6,34.1,32.8,76.8,10-26-26
Sandy,Millets,46,78,36,6.7,44.0,29.8,46.7,Urea
Loamy,Maize,52,56,29,6.6,49.1,24.8,68.3,Urea
Sandy,Wheat,109,92,70,6.6,50.4,21.8,63.1,17-17-17
Black,Millets,61,85,38,8.1,31.3,34.5,45.5,17-17-17
Sandy,Pulses,85,67,53,6.0,58.3,22.6,49.6,17-17-17
Loamy,Groundnut,72,22,87,6.7,50.3,25.6,61.7,DAP
Black,Cotton,8,92,63,6.8,73.5,20.2,71.7,Urea
Loamy,Chickpea,84,10,17,6.4,46.5,29.6,64.3,DAP
Black,Chickpea,72,48,27,6.0,68.3,27.1,45.9,DAP
Black,Maize,118,20,87,8.3,40.6,29.0,43.2,DAP
Clayey,Chickpea,57,79,9,5.6,34.3,24.5,47.3,10-26-26
Loamy,Rice,37,66,54,6.2,55.3,27.7,79.5,Urea
Black,Pulses,37,17,88,6.6,35.3,32.2,43.2,DAP
Black,Sugarcane,67,78,61,6.5,74.5,34.1,67.0,17-17-17
Clayey,Millets,32,66,45,7.1,30.2,28.1,84.0,Urea
Clayey,Wheat,7,14,93,6.7,42.3,32.7,59.0,28-28-0
Clayey,Chickpea,43,95,33,7.3,73.4,25.2,69.6,Urea
Red,Sugarcane,115,70,34,7.4,55.0,25.4,44.1,17-17-17
Clayey,Wheat,100,52,74,6.9,53.2,32.7,56.8,DAP
Black,Pulses,30,93,14,8.3,68.3,24.9,66.9,10-26-26
Black,Wheat,102,34,29,7.3,35.1,33.3,79.7,14-35-14
Loamy,Rice,14,40,77,8.3,52.1,26.9,82.1,Urea
Loamy,Sugarcane,89,29,32,8.2,41.4,29.0,73.4,DAP
Sandy,Cotton,47,45,46,6.2,74.8,29.2,59.7,17-17-17
Red,Maize,56,51,67,5.7,65.9,23.7,69.4,Urea
Loamy,Rice,54,71,66,6.6,70.6,20.3,43.5,Urea
Black,Rice,23,40,63,8.2,41.7,30.7,56.7,Urea
Black,Millets,55,85,77,7.1,61.9,31.1,73.4,Urea
Black,Sugarcane,13,86,60,8.2,43.4,29.7,52.1,Urea
Clayey,Wheat,40,41,83,6.8,60.3,31.3,51.2,20-20-0
Clayey,Maize,90,11,65,6.1,54.9,29.0,75.3,DAP
Red,Sugarcane,5,42,89,5.5,60.6,23.8,52.6,Urea
Loamy,Wheat,88,87,39,7.9,69.1,23.3,69.9,17-17-17
Sandy,Cotton,29,25,65,7.2,47.2,20.1,81.6,28-28-0
Loamy,Cotton,114,53,62,7.9,65.5,34.9,49.7,DAP
Loamy,Groundnut,43,26,45,8.0,28.9,25.7,80.7,DAP
Sandy,Sugarcane,61,90,77,7.7,67.9,32.2,77.7,17-17-17
Sandy,Wheat,108,89,70,6.8,49.5,33.0,57.3,17-17-17
Red,Wheat,111,36,46,5.6,29.2,29.3,47.3,DAP
Clayey,Chickpea,32,15,82,7.1,36.1,26.4,44.7,DAP
Black,Groundnut,13,51,37,8.5,53.6,26.0,73.7,Urea
Black,Rice,102,17,5,6.1,62.7,32.2,58.5,DAP
Sandy,Maize,33,43,92,5.9,55.3,29.6,45.2,Urea
Sandy,Rice,57,69,66,7.0,35.2,27.1,80.3,Urea
Black,Rice,36,30,20,7.4,53.0,21.2,61.3,10-26-26
Red,Pulses,45,55,75,8.1,48.3,32.6,73.9,Urea
Black,Chickpea,34,61,22,5.7,48.3,35.4,79.7,10-26-26
Clayey,Chickpea,40,83,96,7.1,44.5,21.2,79.5,Urea
Loamy,Cotton,24,68,97,8.5,50.7,37.7,60.3,Urea
Black,Chickpea,8,64,79,7.6,55.4,21.3,72.8,Urea
Loamy,Maize,52,29,40,5.8,29.8,26.7,68.4,DAP
Loamy,Millets,62,85,87,7.9,62.6,30.5,75.2,17-17-17
Red,Groundnut,91,99,7,8.2,62.5,23.5,80.1,10-26-26
Clayey,Wheat,46,65,17,6.0,56.6,36.0,66.0,10-26-26
Black,Sugarcane,14,48,15,8.1,68.1,23.3,67.0,10-26-26
Clayey,Rice,100,66,42,7.5,66.1,32.5,57.2,17-17-17
Black,Pulses,32,25,17,6.3,41.2,36.9,68.6,DAP
Clayey,Cotton,74,92,88,7.8,63.9,31.9,76.7,17-17-17
Red,Wheat,74,25,39,6.3,26.6,26.6,59.5,DAP
Red,Wheat,63,33,75,8.2,41.2,20.7,70.0,DAP
Sandy,Millets,42,52,31,7.2,37.5,34.9,78.0,Urea
Red,Cotton,113,95,39,8.1,65.3,25.9,73.7,17-17-17
Black,Rice,52,39,90,7.2,64.2,20.4,56.2,Urea
Clayey,Sugarcane,62,7,84,7.0,31.6,32.7,53.9,DAP
Sandy,Wheat,23,47,70,7.4,28.5,27.2,57.6,Urea
Red,Pulses,32,73,67,6.6,44.0,30.3,79.1,Urea
Black,Wheat,42,29,18,6.9,68.1,28.0,62.2,DAP
Black,Maize,9,91,45,6.0,72.1,32.2,56.8,Urea
Loamy,Pulses,69,19,80,7.9,62.4,21.3,65.0,DAP
Clayey,Sugarcane,116,37,63,5.6,33.5,32.0,77.7,DAP
Red,Millets,81,70,41,6.7,49.4,37.3,64.1,17-17-17
Clayey,Rice,26,24,12,6.6,54.6,36.6,66.2,14-35-14
Clayey,Millets,66,11,84,8.1,69.0,21.5,67.3,DAP
Black,Millets,88,41,85,8.5,65.1,33.3,52.9,DAP
Loamy,Groundnut,107,57,16,6.5,28.1,28.4,78.1,10-26-26
Loamy,Rice,54,75,62,6.7,29.3,35.3,82.2,Urea
Black,Maize,105,88,7,6.0,30.0,28.4,52.1,10-26-26
Loamy,Wheat,114,68,12,7.9,38.9,37.4,59.8,10-26-26
Red,Millets,40,30,90,6.4,42.7,34.9,56.5,20-20-0
Clayey,Cotton,6,35,15,5.7,32.7,26.2,78.9,10-26-26
Clayey,Wheat,66,91,21,6.3,56.2,29.1,46.5,10-26-26
Clayey,Rice,17,93,52,6.9,45.9,34.8,42.6,Urea
Black,Maize,43,17,85,5.6,35.0,37.9,69.9,DAP
Red,Pulses,80,48,42,7.5,48.5,20.3,63.5,DAP
Red,Chickpea,72,63,93,6.5,45.3,26.5,78.7,17-17-17
Sandy,Millets,64,94,18,7.7,50.5,36.0,76.8,10-26-26
Red,Sugarcane,67,42,96,6.3,62.1,37.5,82.0,DAP
Black,Wheat,42,76,76,6.4,66.3,23.9,48.2,Urea
Black,Pulses,97,73,66,7.7,41.9,36.9,80.2,17-17-17
Loamy,Cotton,26,8,17,7.1,51.0,20.5,51.4,14-35-14
Loamy,Maize,19,81,21,6.9,32.6,31.3,73.8,10-26-26
Clayey,Millets,63,94,63,7.3,72.2,24.3,82.7,17-17-17
Sandy,Groundnut,86,21,34,7.0,32.7,28.4,74.2,DAP
Sandy,Groundnut,89,98,25,6.0,66.4,33.9,57.9,17-17-17
Loamy,Groundnut,99,57,91,7.0,70.5,29.2,67.7,DAP
Loamy,Cotton,79,84,13,7.9,74.8,35.4,81.8,10-26-26
Sandy,Rice,69,46,66,6.0,39.1,22.0,67.4,DAP
Black,Chickpea,89,89,44,7.2,35.5,30.2,69.3,17-17-17
Clayey,Groundnut,53,15,92,5.8,46.6,25.7,73.7,DAP
Sandy,Rice,21,10,23,6.3,71.7,37.3,70.1,14-35-14
Red,Millets,94,53,47,7.7,69.2,35.3,82.6,DAP
Clayey,Cotton,64,87,62,6.5,52.2,28.2,70.5,17-17-17
Black,Chickpea,80,76,92,7.1,74.6,35.3,44.0,17-17-17
Red,Maize,35,92,18,7.6,37.0,23.6,47.4,10-26-26
Clayey,Pulses,24,68,14,8.2,28.0,23.4,40.2,10-26-26
Black,Chickpea,39,80,57,7.9,72.1,25.3,45.2,Urea
Clayey,Maize,5,93,70,7.6,40.7,36.1,80.9,Urea
Clayey,Chickpea,101,42,19,6.0,66.1,30.9,78.8,10-26-26
Loamy,Cotton,116,51,91,8.2,52.3,23.0,45.2,DAP
Black,Cotton,71,44,14,7.5,53.3,36.8,76.9,10-26-26
Red,Pulses,113,57,59,5.8,65.0,20.2,77.2,DAP
Black,Wheat,69,64,55,7.3,28.4,37.7,49.7,17-17-17
Clayey,Groundnut,96,98,77,6.2,53.1,34.2,73.7,17-17-17
Clayey,Groundnut,80,5,59,5.7,27.5,27.8,55.6,DAP
Sandy,Sugarcane,25,83,85,6.6,53.9,31.1,51.4,Urea
Black,Sugarcane,94,17,21,6.5,65.3,26.3,56.3,DAP
Loamy,Sugarcane,76,65,19,6.0,53.3,26.5,81.1,10-26-26
Sandy,Sugarcane,10,73,90,8.3,40.2,26.9,60.7,Urea
Loamy,Rice,63,68,22,6.2,40.6,30.8,82.2,10-26-26
Loamy,Cotton,19,23,67,6.2,36.2,36.7,78.0,28-28-0
Loamy,Chickpea,48,28,65,8.3,59.1,31.7,50.4,DAP
Black,Rice,18,41,83,7.1,62.5,37.3,60.0,Urea
Black,Cotton,100,70,35,6.2,32.8,20.5,80.8,17-17-17
Black,Chickpea,112,61,84,5.7,66.8,24.7,54.1,17-17-17
Clayey,Chickpea,102,47,49,6.7,64.0,25.7,41.9,DAP
Sandy,Groundnut,97,27,10,5.8,36.9,20.1,82.4,DAP
Clayey,Maize,67,71,15,6.5,53.7,29.3,53.9,10-26-26
Red,Rice,74,39,26,8.1,35.5,25.8,50.5,14-35-14
Red,Rice,13,64,80,7.8,47.7,26.9,67.9,Urea
Loamy,Groundnut,51,73,51,5.7,34.9,27.8,53.7,Urea
Loamy,Cotton,82,62,98,7.8,45.9,22.9,47.7,17-17-17
Loamy,Groundnut,79,15,89,5.7,41.8,20.9,47.2,DAP
Sandy,Wheat,46,86,58,6.3,39.0,25.5,51.9,Urea
Black,Rice,112,51,52,5.5,54.2,27.1,41.3,DAP
Clayey,Cotton,67,50,67,7.8,53.3,21.1,64.1,DAP
Red,Millets,40,89,12,6.2,65.3,27.7,77.5,10-26-26
Clayey,Wheat,34,27,20,8.1,41.9,21.7,60.3,DAP
Sandy,Groundnut,51,50,56,7.0,61.4,35.7,74.2,17-17-17
Sandy,Chickpea,24,29,74,6.0,63.0,30.3,76.2,28-28-0
Clayey,Cotton,49,23,91,5.6,27.8,27.4,70.6,DAP
Sandy,Maize,115,40,77,6.5,42.2,24.4,83.9,DAP
Black,Groundnut,13,36,8,8.0,58.6,27.4,50.8,10-26-26
Clayey,Maize,72,97,48,5.7,51.8,20.8,69.5,17-17-17
Sandy,Maize,98,35,39,8.4,74.4,37.9,47.0,DAP
Sandy,Pulses,14,6,70,7.4,48.4,35.6,53.0,28-28-0
Loamy,Millets,92,5,15,6.8,26.2,29.0,69.0,DAP
Sandy,Groundnut,101,79,96,5.6,65.9,34.0,40.7,17-17-17
Red,Rice,23,30,79,7.0,55.1,34.1,75.6,28-28-0
Clayey,Millets,117,58,70,7.5,41.2,32.1,78.1,DAP
Clayey,Rice,14,64,46,7.8,38.8,30.4,59.3,Urea
Loamy,Millets,84,26,61,5.7,35.9,31.3,73.6,DAP
Clayey,Cotton,70,16,44,6.9,42.1,20.8,73.0,DAP
Red,Pulses,43,64,70,8.0,65.3,20.5,68.0,Urea
Black,Rice,82,70,33,7.5,39.8,29.9,47.9,17-17-17
Red,Wheat,105,22,92,7.1,43.1,23.0,41.1,DAP
Clayey,Maize,82,84,65,6.4,60.7,27.3,46.4,17-17-17
Loamy,Cotton,27,20,63,7.2,55.7,25.5,77.7,28-28-0
Red,Wheat,16,20,85,5.6,47.1,25.9,45.7,28-28-0
Sandy,Groundnut,115,48,9,8.0,29.7,26.2,46.1,10-26-26
Black,Cotton,96,87,58,6.5,25.7,25.4,80.1,17-17-17
Sandy,Groundnut,29,99,26,5.8,50.7,37.2,65.5,Urea
Sandy,Maize,48,91,79,6.9,44.5,37.8,50.2,Urea
Black,Groundnut,69,62,57,7.2,74.8,29.6,79.3,17-17-17
Loamy,Rice,37,7,64,7.6,54.6,28.8,78.7,DAP
Sandy,Chickpea,8,23,95,7.8,60.0,30.4,71.2,28-28-0
Red,Pulses,76,46,94,6.1,67.5,28.0,67.8,DAP
Clayey,Chickpea,116,43,55,7.5,63.6,25.4,52.5,DAP
Black,Groundnut,68,10,50,7.0,27.1,31.5,76.9,DAP
Loamy,Cotton,51,11,15,7.2,65.5,31.0,80.4,DAP
Sandy,Groundnut,55,41,50,6.5,63.5,37.9,71.5,Urea
Loamy,Wheat,8,79,53,8.4,40.2,37.6,77.5,Urea
Clayey,Groundnut,32,61,30,5.9,37.5,27.4,82.1,Urea
Sandy,Pulses,21,71,84,7.5,33.1,26.1,62.8,Urea
Sandy,Cotton,51,57,68,5.5,74.3,35.7,60.3,17-17-17
Red,Sugarcane,85,86,45,7.7,45.7,27.1,60.5,17-17-17
Sandy,Pulses,64,38,8,6.0,39.9,22.0,79.1,10-26-26
Red,Rice,77,65,39,7.3,52.6,23.8,42.6,17-17-17
Sandy,Millets,36,82,22,7.5,51.5,24.6,53.3,10-26-26
Black,Chickpea,94,52,43,8.3,29.0,27.8,66.8,DAP
Red,Pulses,40,22,94,8.2,64.6,23.6,54.2,DAP
Sandy,Wheat,74,48,76,6.0,73.5,22.2,79.4,DAP
Black,Millets,37,78,16,7.5,71.8,29.3,66.1,10-26-26
Black,Sugarcane,111,66,19,6.2,25.6,26.2,79.3,10-26-26
Red,Maize,86,42,41,6.1,31.4,20.4,45.2,DAP
Red,Rice,117,97,92,7.3,66.3,20.9,76.9,17-17-17
Clayey,Sugarcane,59,20,99,7.3,64.2,34.9,68.4,DAP
Red,Groundnut,26,36,73,5.6,48.9,27.5,40.6,Urea
Sandy,Groundnut,19,75,33,7.5,36.3,33.7,63.6,Urea
Black,Chickpea,42,81,97,6.7,54.9,33.4,51.0,Urea
Black,Chickpea,89,71,49,7.0,32.3,26.9,77.8,17-17-17
Sandy,Millets,75,19,75,5.8,37.9,37.9,49.1,DAP
Clayey,Sugarcane,111,84,76,5.6,57.3,23.3,64.4,17-17-17
Loamy,Millets,116,82,45,5.9,31.3,21.4,47.6,17-17-17
Loamy,Cotton,66,17,47,5.6,61.4,21.1,71.1,DAP
Black,Maize,115,13,88,6.7,57.1,20.1,70.2,DAP
Red,Rice,84,28,52,7.3,72.8,23.2,44.4,DAP
Sandy,Groundnut,70,78,49,7.9,34.0,24.3,44.4,17-17-17
Red,Maize,39,57,30,7.8,42.5,21.3,52.6,Urea
Sandy,Sugarcane,27,60,23,8.4,45.5,24.0,58.0,10-26-26
Red,Maize,56,53,41,8.0,53.9,33.2,58.9,Urea
Clayey,Chickpea,58,26,20,7.4,58.8,31.7,60.7,DAP
Red,Chickpea,30,89,29,7.2,61.5,37.9,40.5,Urea
Loamy,Pulses,100,34,81,7.6,61.5,26.4,53.6,DAP
Loamy,Maize,92,51,44,6.2,40.8,31.8,48.9,DAP
Clayey,Chickpea,113,61,35,6.5,60.0,28.5,41.9,17-17-17
Clayey,Wheat,96,21,32,6.5,47.0,29.2,45.9,DAP
Clayey,Pulses,42,10,49,6.4,49.8,25.2,40.3,DAP
Black,Maize,117,92,39,7.4,29.6,23.1,61.2,17-17-17
Red,Rice,20,97,23,7.3,31.1,25.0,62.3,10-26-26
Black,Groundnut,101,38,84,6.5,37.8,31.0,53.3,DAP
Clayey,Millets,100,52,43,6.8,54.4,25.5,65.0,DAP
Red,Pulses,8,67,44,7.3,43.0,30.4,40.7,Urea
Sandy,Pulses,56,73,9,6.0,26.0,34.4,82.0,10-26-26
Clayey,Cotton,65,99,12,7.7,25.9,35.9,76.7,10-26-26
Loamy,Chickpea,40,17,16,5.6,70.2,22.5,40.0,DAP
Clayey,Wheat,64,27,44,7.5,50.6,36.4,41.8,DAP
Sandy,Groundnut,93,35,54,7.8,64.1,36.8,53.7,DAP
Red,Cotton,96,74,71,6.8,73.3,21.0,48.2,17-17-17
Clayey,Chickpea,64,87,66,6.7,56.8,23.7,54.1,17-17-17
Loamy,Millets,53,87,11,8.0,69.8,26.7,73.8,10-26-26
Loamy,Chickpea,96,84,87,6.2,30.5,21.1,61.9,17-17-17
Sandy,Rice,28,22,91,5.9,63.2,35.5,78.6,28-28-0
Sandy,Sugarcane,119,32,7,6.2,58.5,25.9,42.4,10-26-26
Sandy,Sugarcane,98,63,76,7.5,41.4,22.5,82.9,17-17-17
Red,Chickpea,33,67,76,8.5,65.2,25.2,75.2,Urea
Red,Millets,5,95,84,8.1,40.4,31.2,68.7,Urea
Red,Sugarcane,67,41,63,7.4,58.8,23.5,76.9,DAP
Black,Rice,103,18,67,8.3,71.6,34.3,84.2,DAP
Red,Rice,83,83,74,8.2,45.4,33.1,45.1,17-17-17
Red,Maize,102,92,65,8.1,56.5,24.2,71.3,17-17-17
Loamy,Cotton,97,86,75,7.1,37.8,24.0,42.5,17-17-17
Sandy,Groundnut,105,82,93,6.9,44.8,27.5,42.8,17-17-17
Sandy,Millets,54,47,21,8.2,65.9,28.4,58.5,10-26-26
Clayey,Groundnut,93,73,73,6.4,62.3,36.8,69.7,17-17-17
Black,Cotton,13,90,68,6.2,45.9,21.0,49.2,Urea
Clayey,Sugarcane,69,5,92,7.7,28.4,23.0,45.4,DAP
Red,Cotton,110,59,64,7.6,62.2,24.4,43.3,DAP
Clayey,Sugarcane,22,58,81,6.7,26.9,21.0,48.5,Urea
Sandy,Rice,58,34,62,7.8,68.9,32.4,76.7,Urea
Black,Cotton,69,72,53,6.3,53.1,34.5,54.4,17-17-17
Clayey,Cotton,80,46,55,5.5,42.3,21.8,71.8,DAP
Black,Millets,58,28,51,8.5,28.4,20.3,80.7,DAP
Black,Groundnut,97,26,79,6.6,36.2,27.7,42.8,DAP
Sandy,Cotton,22,21,42,6.5,67.0,33.3,64.2,28-28-0
Loamy,Groundnut,61,48,39,6.4,60.9,35.2,81.2,DAP
Sandy,Maize,5,95,25,6.0,30.9,20.8,78.9,Urea
Red,Wheat,104,78,68,5.8,35.6,27.9,61.7,17-17-17
Loamy,Rice,38,50,72,7.0,55.3,34.5,84.1,Urea
Black,Groundnut,26,36,88,8.0,47.4,32.6,48.7,Urea
Sandy,Rice,27,30,81,6.1,36.0,27.2,75.7,28-28-0
Red,Groundnut,95,61,73,8.1,60.0,37.5,73.1,17-17-17
Clayey,Maize,30,39,83,7.8,44.1,22.0,84.2,Urea
Sandy,Chickpea,36,35,86,8.2,70.9,22.6,82.2,28-28-0
Loamy,Groundnut,75,94,34,6.6,56.8,26.0,54.1,17-17-17
Sandy,Cotton,46,55,68,6.2,34.8,26.9,46.0,17-17-17
Loamy,Millets,63,62,6,6.1,60.6,29.5,74.2,10-26-26
Clayey,Cotton,67,94,79,5.6,59.2,35.9,55.4,17-17-17
Sandy,Pulses,114,21,92,7.1,35.1,26.5,43.9,DAP
Loamy,Wheat,85,21,54,6.4,31.2,20.1,61.8,DAP
Clayey,Millets,113,21,22,7.2,69.2,33.3,64.6,DAP
Sandy,Cotton,8,86,24,5.8,69.5,30.8,49.1,10-26-26
Black,Millets,23,94,56,6.1,50.0,21.0,54.1,Urea
Clayey,Pulses,70,46,23,7.0,47.2,26.2,83.3,10-26-26
Red,Rice,59,30,76,6.8,42.1,33.7,76.5,Urea
Red,Cotton,65,58,66,7.9,62.1,36.9,68.0,DAP
Loamy,Rice,107,96,10,7.3,44.4,20.4,42.8,10-26-26
Loamy,Cotton,49,88,67,7.0,54.8,23.9,45.1,Urea
Red,Chickpea,53,16,94,7.9,55.7,29.6,57.8,DAP
Sandy,Rice,52,44,70,7.0,58.3,31.1,70.6,Urea
Sandy,Pulses,63,50,7,6.0,52.5,31.9,77.8,10-26-26
Red,Groundnut,48,10,81,6.4,45.9,32.6,78.5,DAP
Clayey,Cotton,75,52,23,6.7,54.9,25.9,76.7,10-26-26
Red,Sugarcane,15,19,68,8.0,63.8,35.7,44.0,28-28-0
Clayey,Chickpea,74,21,30,5.9,31.0,33.3,75.5,DAP
Sandy,Wheat,18,18,14,7.7,71.4,35.1,71.7,14-35-14
Red,Sugarcane,71,66,99,5.8,66.1,21.7,64.0,17-17-17
Loamy,Chickpea,90,8,86,6.6,33.3,30.2,67.0,DAP
Black,Wheat,55,15,67,6.1,54.6,36.6,74.3,DAP
Red,Pulses,14,89,88,7.1,41.7,28.8,63.8,Urea
Red,Millets,89,90,25,6.8,57.9,21.5,59.6,17-17-17
Red,Maize,65,48,90,7.7,41.4,36.6,62.6,DAP
Clayey,Groundnut,76,25,74,6.5,28.2,20.9,68.1,DAP
Loamy,Wheat,61,80,52,5.7,46.5,24.3,61.8,17-17-17
Red,Pulses,61,56,91,7.9,48.3,26.8,84.2,DAP
Loamy,Groundnut,39,55,22,5.6,46.1,35.2,51.8,10-26-26
Sandy,Millets,70,62,94,8.5,45.2,35.9,50.4,17-17-17
Loamy,Cotton,105,98,23,7.4,39.3,30.8,71.5,10-26-26
Black,Groundnut,12,22,61,5.7,71.2,25.1,54.3,28-28-0
Clayey,Wheat,62,80,6,8.1,42.2,29.8,51.2,10-26-26
Sandy,Maize,94,92,80,6.7,25.5,35.5,71.3,17-17-17
Red,Groundnut,56,81,45,6.1,51.9,34.4,47.2,Urea
Clayey,Wheat,103,19,89,6.7,58.5,35.2,61.4,DAP
Loamy,Sugarcane,89,95,44,8.5,72.2,23.8,71.3,17-17-17
Black,Groundnut,57,29,48,7.2,46.3,23.7,74.6,DAP
Loamy,Wheat,60,73,81,6.7,70.7,21.6,64.2,17-17-17
Clayey,Groundnut,57,37,75,6.8,30.0,28.8,76.6,Urea
Loamy,Millets,42,19,9,7.9,35.2,33.8,81.8,DAP
Black,Chickpea,40,29,91,5.6,70.9,23.7,83.0,DAP
Red,Maize,67,82,8,7.7,67.5,31.3,68.8,10-26-26
Sandy,Pulses,102,5,43,6.2,71.2,24.4,53.1,DAP
Black,Rice,53,66,42,6.0,69.2,21.0,66.2,Urea
Red,Groundnut,92,99,35,5.5,50.2,32.6,58.5,17-17-17
Black,Millets,61,81,19,6.6,48.3,29.3,78.6,10-26-26
Red,Cotton,118,53,80,8.1,59.5,28.6,74.1,DAP
Sandy,Groundnut,57,88,83,8.0,35.2,27.5,79.5,Urea
Red,Groundnut,23,34,49,8.0,50.1,25.6,58.1,28-28-0
Red,Maize,48,72,38,6.2,48.6,25.4,75.1,Urea
Sandy,Maize,14,14,95,5.7,41.5,20.1,60.6,28-28-0
Sandy,Chickpea,89,53,13,6.1,39.1,21.7,72.4,10-26-26
Sandy,Rice,47,67,23,8.3,45.7,20.4,48.5,10-26-26
Clayey,Cotton,53,40,14,6.8,69.7,20.2,74.3,10-26-26
Loamy,Sugarcane,60,91,24,8.3,55.8,36.1,55.1,10-26-26
Loamy,Sugarcane,97,23,69,6.3,54.0,37.3,46.4,DAP
Clayey,Chickpea,106,59,88,6.8,32.7,30.4,43.7,DAP
Red,Cotton,119,81,91,8.3,73.3,21.6,53.6,17-17-17
Loamy,Pulses,46,46,63,7.2,59.0,31.3,82.2,20-20-0
Loamy,Cotton,21,73,43,7.6,47.5,20.3,51.6,Urea
Sandy,Maize,8,29,73,5.8,69.1,37.2,50.7,28-28-0
Sandy,Cotton,61,87,16,7.0,59.7,24.1,64.5,10-26-26
Loamy,Maize,36,13,19,8.2,25.7,35.3,76.8,DAP
Red,Millets,69,89,53,7.9,42.1,34.3,65.9,17-17-17
Clayey,Rice,22,50,36,7.0,57.4,24.7,40.4,Urea
Black,Maize,38,75,40,7.2,68.4,22.5,65.6,Urea
Red,Maize,55,39,86,6.2,68.4,28.2,57.8,Urea
Red,Wheat,70,82,26,8.2,41.1,32.4,77.7,17-17-17
Red,Groundnut,11,61,99,5.9,66.1,24.1,44.8,Urea
Red,Wheat,78,83,98,6.7,73.7,23.5,53.9,17-17-17
Red,Rice,107,38,74,6.6,67.5,27.3,40.1,DAP
Sandy,Maize,54,36,71,5.6,67.1,33.3,49.5,Urea
Clayey,Chickpea,17,70,8,6.2,49.2,22.1,43.1,10-26-26
Loamy,Groundnut,81,87,25,5.5,61.1,24.9,74.2,17-17-17
Red,Millets,52,58,39,6.4,47.2,35.7,58.8,Urea
Red,Millets,10,21,40,5.5,62.3,27.8,44.1,28-28-0
Loamy,Millets,56,96,47,6.7,25.5,21.1,71.6,Urea
Black,Sugarcane,88,43,17,7.7,47.3,34.6,53.2,10-26-26
Loamy,Pulses,44,84,49,6.0,70.8,31.9,67.4,Urea
Black,Chickpea,14,38,71,6.0,61.1,24.7,63.3,Urea
Black,Millets,24,61,54,5.9,71.5,28.1,53.3,Urea
Red,Pulses,95,74,42,7.6,68.4,22.4,81.7,17-17-17
Red,Maize,56,37,26,7.2,66.7,22.1,69.0,14-35-14
Sandy,Maize,99,68,14,6.8,29.1,20.6,68.8,10-26-26
Loamy,Maize,17,45,84,7.1,49.4,21.9,66.3,Urea
Red,Wheat,62,31,30,5.7,56.3,35.6,77.3,DAP
Clayey,Groundnut,57,19,30,8.0,44.3,36.2,46.0,DAP
Loamy,Chickpea,7,68,33,6.8,33.5,36.8,78.6,Urea
Black,Cotton,99,50,70,8.0,61.3,20.4,71.4,DAP
Black,Cotton,32,5,29,7.1,50.7,32.3,79.6,DAP
Red,Sugarcane,68,78,73,7.6,66.3,20.7,56.3,17-17-17
Clayey,Pulses,40,89,53,6.3,72.3,28.3,75.3,Urea
Loamy,Sugarcane,94,30,76,7.7,65.8,37.7,69.8,DAP
Black,Wheat,17,84,59,7.6,32.0,21.8,40.5,Urea
Clayey,Wheat,50,93,15,6.8,37.2,32.1,77.0,10-26-26
Loamy,Millets,67,89,68,8.2,30.1,29.9,48.7,17-17-17
Red,Millets,13,19,98,7.1,56.6,29.3,67.3,28-28-0
Red,Sugarcane,108,97,84,7.3,27.9,23.4,48.3,17-17-17
Red,Sugarcane,95,92,81,7.1,74.9,22.0,49.1,17-17-17
Loamy,Chickpea,11,46,40,7.5,62.1,31.3,66.1,Urea
Black,Pulses,91,78,46,7.4,63.0,32.5,53.8,17-17-17
Loamy,Cotton,70,62,86,7.4,53.9,21.9,76.6,17-17-17
Clayey,Groundnut,69,69,85,6.4,67.5,21.0,73.6,17-17-17
Sandy,Rice,79,92,90,7.6,33.3,20.6,66.1,17-17-17
Clayey,Rice,85,58,83,5.9,70.6,33.7,62.5,DAP
Clayey,Pulses,103,17,14,6.8,40.5,30.7,74.0,DAP
Clayey,Maize,7,80,11,6.3,53.2,25.3,56.0,10-26-26
Clayey,Rice,36,8,24,7.3,35.3,23.5,82.6,DAP
Sandy,Maize,116,34,58,6.1,40.1,37.0,70.5,DAP
Loamy,Cotton,55,26,92,5.8,50.7,30.3,63.2,DAP
Sandy,Cotton,54,84,45,8.0,71.2,21.8,47.5,Urea
Clayey,Maize,58,94,89,6.3,56.4,32.2,70.7,Urea
Red,Rice,52,18,63,6.0,74.6,30.3,77.5,DAP
Black,Rice,45,87,86,6.3,69.4,24.1,45.9,Urea
Red,Cotton,110,36,78,7.2,28.9,28.8,49.8,DAP
Sandy,Rice,13,66,61,5.7,37.6,35.7,73.2,Urea
Loamy,Maize,86,61,53,6.6,26.4,24.6,72.4,17-17-17
Black,Groundnut,49,86,62,5.8,54.8,31.7,58.2,Urea
Clayey,Cotton,101,96,56,6.7,28.8,20.1,76.2,17-17-17
Red,Wheat,110,36,37,6.5,74.4,33.9,68.4,DAP
Clayey,Chickpea,30,6,66,5.8,43.9,24.9,76.7,DAP
Red,Chickpea,13,6,65,8.0,74.3,27.5,47.5,28-28-0
Loamy,Sugarcane,81,73,62,6.2,64.3,31.8,72.7,17-17-17
Black,Millets,59,71,17,5.9,50.0,26.5,73.9,10-26-26
Clayey,Chickpea,53,46,80,6.7,42.2,31.4,78.7,Urea
Red,Rice,108,56,50,5.9,45.9,30.9,68.4,DAP
Sandy,Sugarcane,12,61,77,6.5,61.8,24.3,49.5,Urea
Red,Chickpea,87,91,31,5.6,42.2,32.9,69.9,17-17-17
Clayey,Millets,64,45,37,7.8,35.0,27.8,63.6,DAP
Sandy,Chickpea,16,76,9,7.3,65.7,33.2,50.5,10-26-26
Sandy,Wheat,111,27,22,5.6,61.9,30.4,66.9,DAP
Sandy,Maize,69,42,6,6.9,74.8,31.3,56.1,10-26-26
Clayey,Rice,78,21,66,7.0,54.3,28.1,72.3,DAP
Clayey,Sugarcane,75,54,93,5.9,52.1,29.6,68.4,DAP
Loamy,Wheat,29,17,55,6.9,27.5,23.3,53.6,28-28-0
Black,Maize,52,68,23,7.5,74.2,29.3,43.8,10-26-26
Clayey,Chickpea,98,72,73,6.2,57.4,37.4,47.9,17-17-17
Black,Rice,41,49,84,7.0,30.0,20.1,58.6,20-20-0
Black,Millets,116,19,64,8.0,65.0,29.6,84.8,DAP
Black,Pulses,28,91,70,6.4,60.1,26.6,44.7,Urea
Black,Sugarcane,52,69,57,7.7,57.5,27.3,84.1,Urea
Clayey,Chickpea,31,74,48,5.8,31.7,36.2,68.1,Urea
Red,Cotton,80,80,70,8.3,29.4,36.2,80.8,17-17-17
Sandy,Millets,92,35,37,5.9,27.5,25.2,82.9,DAP
Sandy,Groundnut,108,31,6,6.3,50.1,37.7,64.1,10-26-26
Sandy,Groundnut,65,42,24,6.9,52.1,34.8,40.6,10-26-26
Loamy,Maize,101,5,55,5.9,49.3,29.1,74.4,DAP
Sandy,Wheat,98,9,26,7.4,29.2,23.8,67.4,DAP
Sandy,Groundnut,73,92,37,8.3,56.1,20.6,45.4,17-17-17
Clayey,Millets,110,43,93,6.4,38.0,32.0,76.7,DAP
Red,Millets,100,19,40,7.4,30.1,22.3,72.4,DAP
Sandy,Rice,11,8,94,5.9,68.7,24.2,72.1,28-28-0
Red,Wheat,18,83,53,6.9,30.8,25.2,60.3,Urea
Loamy,Rice,97,24,34,6.6,43.1,23.5,61.4,DAP
Sandy,Chickpea,107,22,77,8.0,49.5,28.9,61.2,DAP
Sandy,Rice,38,88,29,7.3,70.4,33.1,81.3,Urea
Clayey,Cotton,98,84,11,6.0,40.3,24.3,82.7,10-26-26
Clayey,Chickpea,47,21,36,7.5,39.9,25.2,43.7,DAP
Black,Pulses,7,88,74,5.6,60.5,33.7,49.3,Urea
Loamy,Groundnut,113,30,18,7.3,70.9,33.0,82.5,10-26-26
Clayey,Sugarcane,18,40,62,6.3,39.1,27.7,48.5,Urea
Sandy,Millets,114,22,41,5.6,41.1,30.5,73.1,DAP
Red,Pulses,34,57,96,7.1,61.4,28.2,41.7,Urea
Black,Chickpea,91,23,16,7.0,64.3,38.0,76.1,DAP
Sandy,Wheat,19,8,90,5.6,28.9,33.6,64.3,28-28-0
Black,Maize,33,15,22,5.8,43.1,34.4,61.0,DAP
Clayey,Groundnut,112,80,71,6.0,74.7,20.5,58.2,17-17-17
Red,Wheat,52,90,25,8.5,62.3,32.2,49.1,Urea
Red,Cotton,76,13,39,5.7,69.4,20.3,72.8,DAP
Sandy,Wheat,47,99,10,5.7,56.3,22.6,42.4,10-26-26
Black,Sugarcane,33,85,11,7.7,41.6,35.9,65.7,10-26-26
Black,Rice,106,38,44,5.8,29.6,21.6,51.6,DAP
Loamy,Sugarcane,75,27,89,7.3,72.8,36.6,44.2,DAP
Black,Maize,86,82,86,6.3,72.4,31.7,44.1,17-17-17
Clayey,Millets,101,53,34,8.3,37.2,36.0,71.2,DAP
Clayey,Millets,66,96,82,6.1,60.4,22.7,75.9,17-17-17
Clayey,Wheat,106,32,73,7.0,42.7,37.2,43.2,DAP
Red,Chickpea,15,71,91,7.4,67.2,23.1,57.0,Urea
Sandy,Groundnut,119,86,45,7.0,61.5,23.9,49.9,17-17-17
Red,Pulses,31,78,67,6.4,69.6,21.6,65.1,Urea
Black,Cotton,116,14,87,8.5,58.7,20.7,81.3,DAP
Black,Sugarcane,10,44,97,5.7,70.2,23.4,60.8,Urea
Loamy,Maize,76,64,10,8.4,66.8,32.0,60.4,10-26-26
Sandy,Millets,44,36,73,6.1,60.7,30.1,74.3,20-20-0
Loamy,Rice,83,57,58,8.4,62.2,21.5,53.6,DAP
Clayey,Cotton,50,26,15,7.7,29.2,35.9,55.8,DAP
Black,Millets,96,44,38,7.0,53.3,31.4,47.4,DAP
Loamy,Rice,64,97,81,6.3,38.5,29.4,70.2,17-17-17
Clayey,Wheat,69,24,61,7.0,55.9,31.7,41.3,DAP
Clayey,Millets,53,53,93,8.1,59.1,32.0,54.2,Urea
Red,Sugarcane,60,8,34,6.0,62.2,29.2,50.9,DAP
Black,Millets,84,11,26,6.8,66.2,31.6,69.3,DAP
Loamy,Millets,59,66,94,5.5,33.8,24.8,85.0,Urea
Loamy,Millets,28,48,21,5.7,58.7,28.2,82.5,10-26-26
Sandy,Maize,108,83,37,7.4,65.0,31.3,51.6,17-17-17
Clayey,Cotton,95,29,81,8.2,71.8,32.0,55.2,DAP
Sandy,Groundnut,17,32,47,5.8,27.7,30.5,82.6,28-28-0
Black,Pulses,113,43,41,7.2,56.4,24.4,60.7,DAP
Clayey,Groundnut,85,46,80,7.4,61.4,27.7,69.2,DAP
Red,Millets,24,20,21,6.1,69.1,35.4,70.8,14-35-14
Sandy,Chickpea,21,83,77,6.1,35.4,25.4,73.7,Urea
Clayey,Groundnut,10,47,39,7.9,61.8,35.9,74.9,Urea
Loamy,Maize,94,90,35,6.3,63.3,22.8,82.6,17-17-17
Loamy,Millets,13,62,63,7.2,53.1,29.3,74.9,Urea
Black,Sugarcane,108,37,35,8.5,32.2,31.8,48.9,DAP
Red,Sugarcane,50,60,11,6.5,46.5,35.1,84.9,10-26-26
Loamy,Sugarcane,112,34,21,8.4,59.3,33.0,50.4,10-26-26
Red,Chickpea,53,67,91,6.3,42.8,32.6,78.3,Urea
Black,Sugarcane,108,58,80,7.4,62.7,29.8,69.2,DAP
Black,Wheat,20,76,22,8.4,45.3,31.3,56.2,10-26-26
Black,Cotton,114,59,5,6.4,55.2,27.6,72.2,10-26-26
Red,Rice,110,85,97,5.9,45.6,28.0,80.1,17-17-17
Loamy,Groundnut,72,96,61,7.5,26.8,37.7,77.8,17-17-17
Black,Groundnut,75,79,35,8.0,64.1,32.3,42.4,17-17-17
Loamy,Maize,20,43,81,7.9,35.6,22.8,50.2,Urea
Loamy,Wheat,105,70,45,6.6,29.0,33.1,73.1,17-17-17
Sandy,Millets,111,70,23,7.0,68.4,24.0,81.6,10-26-26
Clayey,Cotton,77,29,69,7.1,41.8,37.5,65.2,DAP
Clayey,Chickpea,69,56,71,7.0,40.9,33.4,73.8,DAP
Loamy,Maize,105,30,57,7.8,27.6,32.8,56.5,DAP
Sandy,Rice,25,81,93,6.6,32.7,23.3,66.0,Urea
Red,Groundnut,114,20,88,8.4,56.8,28.1,47.6,DAP
Black,Millets,86,26,50,5.8,62.0,35.9,82.4,DAP
Black,Rice,82,28,71,6.6,37.5,32.9,52.9,DAP
Loamy,Chickpea,97,47,21,6.3,30.9,33.5,52.3,10-26-26
Loamy,Millets,102,78,78,7.1,35.6,29.9,82.5,17-17-17
Red,Sugarcane,113,41,10,7.8,68.5,36.9,53.9,10-26-26
Clayey,Rice,55,92,52,7.0,43.6,33.1,49.0,Urea
Sandy,Sugarcane,62,80,42,8.4,63.4,31.7,75.1,17-17-17
Black,Maize,60,28,77,8.3,71.5,34.7,64.7,DAP
Sandy,Groundnut,35,74,71,7.9,62.8,21.5,60.2,Urea
Black,Millets,54,75,19,7.6,69.8,27.4,80.4,10-26-26
Clayey,Maize,30,75,42,6.8,37.0,25.8,48.0,Urea
Black,Wheat,65,91,25,6.7,65.4,30.1,56.2,17-17-17
Red,Millets,101,28,18,5.9,32.6,26.0,73.5,DAP
Sandy,Cotton,81,28,58,7.3,53.6,20.7,77.4,DAP
Loamy,Maize,62,58,43,7.6,40.5,24.2,78.9,DAP
Red,Chickpea,36,36,46,6.4,45.8,34.4,76.1,28-28-0
Loamy,Chickpea,107,75,56,7.2,39.7,26.4,76.4,17-17-17
Clayey,Pulses,44,49,72,6.2,38.4,35.3,75.9,20-20-0
Loamy,Pulses,10,87,52,5.5,31.5,27.9,49.8,Urea
Sandy,Groundnut,85,68,94,7.7,69.4,30.6,79.9,17-17-17
Sandy,Sugarcane,111,78,28,5.5,48.7,29.9,78.6,17-17-17
Red,Millets,92,70,52,8.2,33.9,32.0,71.9,17-17-17
Clayey,Rice,69,46,89,6.9,68.1,22.0,65.7,DAP
Red,Pulses,68,45,91,5.8,61.2,33.5,85.0,DAP
Red,Groundnut,64,53,55,8.5,53.6,28.1,77.7,DAP
Sandy,Sugarcane,40,83,12,8.4,70.3,25.1,75.7,10-26-26
Sandy,Cotton,108,46,33,6.8,33.2,35.7,68.6,DAP
Clayey,Maize,8,64,65,7.0,49.1,21.0,56.0,Urea
Clayey,Cotton,107,65,14,7.2,68.1,34.0,82.4,10-26-26
Red,Sugarcane,99,27,21,6.4,48.4,27.2,54.3,DAP
Clayey,Rice,68,35,85,6.9,36.0,21.0,45.0,DAP
Clayey,Pulses,99,21,79,5.8,34.0,34.8,65.4,DAP
Loamy,Cotton,7,13,90,8.3,51.8,29.2,42.5,28-28-0
Red,Groundnut,6,98,70,6.1,73.3,29.4,83.9,Urea
Sandy,Rice,78,50,73,6.5,44.4,25.2,78.4,DAP
Black,Maize,25,86,61,8.4,33.0,26.6,67.9,Urea
Clayey,Maize,72,65,65,8.0,41.5,33.4,63.2,17-17-17
Red,Sugarcane,117,74,67,7.8,70.4,24.1,81.9,17-17-17
Black,Pulses,30,46,45,8.4,70.5,31.4,43.2,Urea
Sandy,Cotton,45,81,35,6.3,32.6,25.7,53.8,Urea
Clayey,Wheat,44,32,41,6.1,34.6,35.4,59.6,17-17-17
Loamy,Pulses,79,18,42,8.3,48.3,23.7,54.5,DAP
Black,Rice,115,18,38,8.3,70.0,29.2,60.7,DAP
Clayey,Rice,23,76,96,6.9,51.5,22.1,76.1,Urea
Black,Millets,119,13,66,7.9,36.5,24.7,42.4,DAP
Red,Wheat,79,56,12,6.4,35.8,37.6,49.0,10-26-26
Black,Cotton,95,89,56,8.1,65.6,29.6,44.4,17-17-17
Red,Cotton,81,52,30,7.4,45.2,31.1,41.8,DAP
Clayey,Sugarcane,81,81,62,8.3,31.4,21.7,59.2,17-17-17
Clayey,Wheat,116,88,19,8.1,65.6,29.0,54.0,10-26-26
Loamy,Rice,20,70,85,8.4,60.5,35.9,46.6,Urea
Red,Millets,53,67,66,7.1,43.0,20.1,76.9,17-17-17
Black,Rice,96,27,82,8.1,71.7,25.7,83.6,DAP
Sandy,Rice,106,50,60,7.3,34.9,31.9,61.2,DAP
Red,Pulses,61,87,70,7.8,66.4,27.8,73.7,17-17-17
Red,Sugarcane,9,59,65,6.9,41.3,33.0,55.9,Urea
Sandy,Pulses,18,40,86,5.8,37.0,37.0,50.8,Urea
Clayey,Pulses,31,79,9,5.6,56.1,36.4,55.6,10-26-26
Black,Groundnut,80,34,24,5.5,51.7,26.3,57.0,10-26-26
Black,Wheat,89,20,13,7.6,55.3,20.3,47.5,DAP
Red,Chickpea,17,44,59,8.1,40.5,24.1,73.3,Urea
Loamy,Cotton,109,79,16,6.3,65.4,20.1,40.4,10-26-26
Red,Maize,15,68,77,7.3,38.3,22.8,78.8,Urea
Loamy,Maize,63,76,73,5.9,64.8,32.4,75.3,17-17-17
Loamy,Wheat,37,6,18,5.9,49.5,36.7,61.8,DAP
Clayey,Rice,18,97,28,7.5,51.0,36.4,82.4,Urea
Black,Groundnut,76,96,27,7.1,71.2,27.0,50.9,17-17-17
Sandy,Cotton,117,94,85,7.4,53.7,29.1,48.2,17-17-17
Red,Groundnut,92,15,63,5.6,57.4,27.8,61.8,DAP
Clayey,Sugarcane,21,99,48,7.6,71.2,21.5,44.1,Urea
Sandy,Wheat,57,82,48,5.5,69.5,20.8,50.6,Urea
Clayey,Groundnut,14,43,32,7.5,49.3,23.4,54.1,Urea
Black,Wheat,72,13,96,8.2,50.9,27.3,48.6,DAP
Sandy,Groundnut,98,37,20,6.7,69.0,22.2,64.0,10-26-26
Loamy,Sugarcane,76,74,34,8.2,62.6,28.6,47.8,17-17-17
Clayey,Groundnut,62,7,39,7.7,74.2,36.5,48.9,DAP
Sandy,Rice,100,10,89,7.7,71.7,33.9,51.9,DAP
Red,Rice,83,82,23,8.0,39.0,31.8,50.8,10-26-26
Red,Sugarcane,55,77,57,8.1,28.5,25.2,73.2,Urea
Black,Millets,80,55,23,6.9,37.1,28.2,51.8,10-26-26
Black,Wheat,86,33,21,7.5,73.1,26.4,44.5,10-26-26
Red,Cotton,71,6,93,6.9,49.3,22.4,54.2,DAP
Clayey,Rice,116,7,72,7.8,62.9,36.5,45.1,DAP
Sandy,Pulses,94,14,82,6.6,72.4,33.8,82.0,DAP
Loamy,Rice,56,92,27,7.8,46.9,25.3,62.1,Urea
Loamy,Millets,95,51,83,8.3,60.7,31.0,65.5,DAP
Red,Sugarcane,22,47,84,8.3,30.5,37.5,78.7,Urea
Sandy,Rice,7,59,18,6.6,69.4,33.8,52.8,10-26-26
Clayey,Pulses,31,41,98,7.1,31.0,34.7,80.8,Urea
Clayey,Groundnut,114,90,15,8.0,47.0,23.0,54.5,10-26-26
Red,Rice,79,74,5,7.9,71.2,37.7,84.2,10-26-26
Sandy,Sugarcane,82,51,73,5.6,29.0,25.9,73.5,DAP
Clayey,Cotton,25,64,17,7.5,28.6,22.7,41.3,10-26-26
Loamy,Rice,37,45,34,5.9,27.7,30.9,65.7,17-17-17
Loamy,Pulses,92,10,93,6.5,52.7,36.7,82.7,DAP
Loamy,Rice,111,33,54,7.5,69.8,31.6,66.4,DAP
Loamy,Maize,80,64,24,8.2,38.7,22.3,59.4,10-26-26
Black,Maize,46,19,37,6.0,45.1,32.9,61.6,DAP
Red,Groundnut,69,92,92,7.5,27.0,21.2,84.5,17-17-17
Red,Pulses,31,90,78,5.7,60.1,29.6,61.7,Urea
Black,Pulses,11,8,95,6.2,42.6,37.0,63.3,28-28-0
Loamy,Cotton,21,79,34,7.6,44.8,29.6,82.5,Urea
Loamy,Chickpea,50,39,8,7.2,63.9,31.2,70.4,10-26-26
Clayey,Wheat,62,67,32,7.7,33.8,21.4,70.5,17-17-17
Red,Rice,65,13,81,6.6,49.0,29.7,78.2,DAP
Clayey,Maize,107,92,71,5.9,55.2,31.4,44.5,17-17-17
Sandy,Cotton,86,65,91,6.0,46.5,30.6,44.0,17-17-17
Clayey,Maize,11,35,52,5.6,69.7,31.1,52.7,Urea
Black,Wheat,77,54,85,7.6,25.9,34.6,45.8,DAP
Sandy,Groundnut,61,21,43,6.5,49.8,30.5,63.1,DAP
Sandy,Cotton,56,71,48,7.1,49.3,24.6,77.1,Urea
Sandy,Millets,83,21,71,7.2,32.4,23.4,69.4,DAP
Clayey,Millets,5,7,71,8.0,46.6,23.9,48.3,28-28-0
Black,Wheat,8,18,95,7.4,31.4,24.1,52.6,28-28-0
Black,Rice,99,89,30,8.0,33.4,35.2,74.2,17-17-17
Clayey,Pulses,64,71,69,8.5,68.6,24.8,67.2,17-17-17
Sandy,Cotton,18,48,20,7.3,67.3,25.8,84.8,10-26-26
Sandy,Rice,37,33,73,7.6,66.7,35.6,77.5,28-28-0
Loamy,Sugarcane,45,99,81,5.9,67.7,30.5,71.4,Urea
Black,Chickpea,100,17,73,7.0,47.0,26.2,46.2,DAP
Black,Millets,27,34,64,7.6,67.9,35.9,82.0,28-28-0
Sandy,Maize,56,8,38,7.5,35.6,21.3,78.3,DAP
Loamy,Wheat,43,58,94,7.5,36.3,25.0,75.7,Urea
Loamy,Rice,94,91,86,8.4,49.7,23.3,50.1,17-17-17
Clayey,Cotton,13,55,20,6.6,27.8,24.3,75.4,10-26-26
Clayey,Millets,17,6,75,7.1,54.3,26.4,67.6,28-28-0
Black,Wheat,89,43,88,7.0,47.8,35.0,46.7,DAP
Clayey,Millets,24,97,74,7.8,68.7,35.0,53.2,Urea
Red,Rice,86,30,60,5.8,55.2,24.3,82.4,DAP
Loamy,Cotton,90,94,92,7.0,34.4,31.4,60.2,17-17-17
Sandy,Chickpea,92,76,36,8.2,50.0,22.0,72.4,17-17-17
Red,Pulses,14,84,68,5.9,52.1,20.7,56.5,Urea
Black,Cotton,23,25,26,7.7,56.5,36.8,62.0,14-35-14
Loamy,Pulses,22,37,5,6.8,58.8,22.2,64.1,10-26-26
Loamy,Sugarcane,87,58,65,5.9,69.7,35.1,72.6,DAP
Black,Millets,54,99,37,6.0,40.2,24.2,73.1,Urea
Sandy,Maize,11,82,57,6.5,56.2,32.1,48.5,Urea
Black,Pulses,95,93,17,8.3,27.5,20.7,68.7,10-26-26
Sandy,Millets,60,13,86,7.5,42.4,21.7,72.8,DAP
Sandy,Maize,71,73,18,6.5,55.2,33.5,62.0,10-26-26
Clayey,Chickpea,20,45,59,6.9,26.2,31.2,42.5,Urea
Sandy,Wheat,56,6,54,7.0,31.0,33.6,68.8,DAP
Black,Wheat,8,81,99,7.8,62.6,21.3,76.6,Urea
Black,Pulses,34,77,10,6.4,67.1,35.3,72.7,10-26-26
Black,Pulses,81,36,51,6.5,68.5,31.6,71.2,DAP
Black,Millets,9,81,5,7.1,71.7,37.8,63.1,10-26-26
Black,Groundnut,34,86,79,7.7,52.8,23.1,66.1,Urea
Red,Rice,23,7,40,8.1,28.6,25.5,77.7,28-28-0
Loamy,Rice,81,37,9,6.3,69.9,28.3,78.0,10-26-26
Black,Wheat,58,8,98,6.5,64.8,30.1,71.3,DAP
Loamy,Chickpea,116,99,41,6.8,36.9,20.6,56.5,17-17-17
Black,Groundnut,23,5,44,5.7,57.0,32.5,46.4,28-28-0
Sandy,Sugarcane,55,64,12,7.6,46.1,36.7,42.5,10-26-26
Red,Sugarcane,89,94,63,8.1,42.1,37.3,57.3,17-17-17
Red,Chickpea,99,55,36,5.9,58.7,30.4,47.3,DAP
Loamy,Maize,40,80,13,8.3,25.7,28.0,42.1,10-26-26
Loamy,Cotton,93,65,22,7.5,53.3,36.0,63.4,10-26-26
Clayey,Sugarcane,64,61,75,6.7,29.4,23.5,67.6,17-17-17
Clayey,Rice,66,58,33,7.7,30.1,25.1,57.0,DAP
Loamy,Sugarcane,105,75,50,7.7,36.5,25.4,81.6,17-17-17
Sandy,Chickpea,64,51,44,8.1,26.5,29.3,60.5,DAP
Black,Groundnut,64,37,8,6.7,58.9,35.3,62.5,10-26-26
Black,Chickpea,112,91,20,6.0,71.8,33.1,40.0,10-26-26
Sandy,Millets,96,96,34,5.8,30.8,37.8,54.2,17-17-17
Red,Maize,22,93,60,7.3,45.8,35.2,50.8,Urea
Black,Wheat,100,22,21,7.2,70.3,24.6,82.3,DAP
Clayey,Maize,48,72,29,6.1,71.5,30.0,78.5,Urea
Clayey,Cotton,7,90,66,7.5,51.4,34.6,41.6,Urea
Loamy,Rice,115,81,55,6.9,28.4,30.2,59.8,17-17-17
Clayey,Sugarcane,19,64,44,7.6,40.2,22.1,40.6,Urea
Black,Chickpea,111,99,84,7.5,45.4,22.4,65.7,17-17-17
Red,Millets,72,77,11,6.8,34.1,27.2,56.9,10-26-26
Black,Maize,97,56,26,8.1,55.5,33.5,54.8,DAP
Loamy,Cotton,96,35,81,7.1,47.9,20.8,42.4,DAP
Black,Sugarcane,116,31,39,6.7,40.8,23.8,57.7,DAP
Sandy,Cotton,19,25,56,7.0,60.3,28.8,78.2,28-28-0
Clayey,Chickpea,69,97,92,6.9,62.9,25.8,75.2,17-17-17
Red,Pulses,5,11,5,7.1,45.6,28.9,79.6,14-35-14
Loamy,Rice,101,75,16,6.7,30.7,32.3,45.5,10-26-26
Red,Sugarcane,115,44,88,5.8,56.7,25.7,54.1,DAP
Sandy,Cotton,23,81,33,6.8,26.9,25.8,84.0,Urea
Clayey,Sugarcane,49,34,48,8.2,32.3,31.7,49.4,20-20-0
Black,Groundnut,42,7,84,7.3,28.2,25.0,82.8,DAP
Red,Maize,28,43,72,7.3,63.2,38.0,51.0,Urea
Sandy,Wheat,98,57,34,6.2,71.8,32.4,67.2,DAP
Black,Chickpea,45,81,83,6.7,42.6,20.6,81.2,Urea
Sandy,Sugarcane,14,17,67,6.8,36.0,23.8,71.0,28-28-0
Sandy,Chickpea,80,15,6,6.2,57.7,34.3,77.7,DAP
Loamy,Maize,118,88,29,6.4,38.0,37.3,68.2,17-17-17
Clayey,Maize,56,52,24,6.7,30.1,26.2,84.6,10-26-26
Black,Maize,112,76,70,6.7,67.2,21.0,70.3,17-17-17
Clayey,Sugarcane,78,33,56,6.5,37.5,33.0,49.3,DAP
Clayey,Chickpea,112,86,97,7.9,51.2,34.9,50.2,17-17-17
Sandy,Pulses,16,11,21,6.5,67.8,21.8,52.2,14-35-14
Clayey,Rice,51,99,39,5.8,47.5,20.7,71.7,Urea
Red,Rice,16,67,81,8.4,33.8,22.5,45.7,Urea
Black,Rice,27,72,56,7.2,49.0,26.1,50.6,Urea
Black,Cotton,20,21,88,6.2,25.5,36.9,46.9,28-28-0
Clayey,Groundnut,45,90,62,6.5,28.5,22.3,72.2,Urea
Red,Maize,21,64,13,6.4,49.3,30.5,56.6,10-26-26
Red,Maize,74,78,84,6.7,51.5,36.1,60.2,17-17-17
Sandy,Cotton,97,7,56,7.1,73.8,28.0,66.4,DAP
Red,Rice,72,32,75,5.6,44.4,34.7,84.5,DAP
Loamy,Chickpea,20,58,47,7.0,63.5,28.9,73.4,Urea
Red,Rice,29,22,27,6.0,37.1,25.0,72.9,14-35-14
Sandy,Wheat,49,94,65,5.5,39.2,22.1,69.5,Urea
Black,Cotton,56,90,9,6.9,53.1,29.4,65.5,10-26-26
Sandy,Cotton,110,65,55,5.9,39.4,37.3,64.3,17-17-17
Loamy,Sugarcane,115,93,63,7.8,40.3,32.8,45.1,17-17-17
Clayey,Chickpea,56,78,38,7.9,72.2,34.8,44.6,Urea
Black,Cotton,117,45,85,7.0,49.0,32.2,65.7,DAP
Black,Groundnut,30,23,59,7.5,56.0,21.9,84.4,DAP
Red,Groundnut,92,29,51,5.9,34.9,36.4,84.2,DAP
Loamy,Groundnut,75,21,65,8.5,42.0,20.0,50.1,DAP
Loamy,Sugarcane,76,92,81,6.6,36.5,32.5,45.4,17-17-17
Black,Millets,78,94,85,5.8,71.5,32.3,40.1,17-17-17
Loamy,Rice,41,33,16,7.8,33.7,25.5,47.1,10-26-26
Red,Rice,65,62,58,7.7,73.9,21.9,71.0,17-17-17
Sandy,Maize,83,90,10,6.6,52.6,36.2,55.7,10-26-26
Sandy,Cotton,57,63,73,6.8,30.6,29.5,54.6,Urea
Clayey,Cotton,66,58,19,7.7,58.0,20.1,54.8,10-26-26
Black,Wheat,32,98,22,7.9,70.7,23.9,66.6,10-26-26
Red,Cotton,61,12,60,8.4,37.6,27.4,78.7,DAP
Clayey,Chickpea,58,82,79,7.6,55.6,31.8,56.4,Urea
Sandy,Groundnut,99,21,13,7.0,62.1,30.6,63.4,DAP
Clayey,Rice,118,15,80,6.5,68.7,26.0,83.9,DAP
Clayey,Wheat,16,44,58,7.1,29.7,27.9,75.3,Urea
Clayey,Maize,51,9,80,7.6,38.0,34.9,75.5,DAP
Red,Rice,91,46,86,7.9,62.9,33.8,84.7,DAP
Black,Maize,112,67,95,7.7,68.3,27.1,53.4,17-17-17
Loamy,Cotton,87,57,84,5.7,47.1,32.5,49.3,DAP
Red,Millets,73,18,46,6.0,30.5,30.1,80.7,DAP
Sandy,Maize,61,94,52,6.9,49.3,28.3,82.3,17-17-17
Clayey,Groundnut,75,38,57,5.6,65.6,37.4,73.9,DAP
Loamy,Cotton,45,57,33,6.5,66.7,28.8,74.3,Urea
Black,Sugarcane,10,41,89,6.2,31.6,22.9,76.6,Urea
Clayey,Cotton,55,69,97,6.8,68.1,31.7,83.6,Urea
Loamy,Cotton,31,28,43,6.0,44.4,33.4,66.1,DAP
Black,Millets,98,35,96,8.1,58.1,29.3,47.7,DAP
Red,Sugarcane,113,10,28,8.4,48.5,32.7,53.1,DAP
Black,Chickpea,97,28,52,7.3,60.2,32.9,75.5,DAP
Sandy,Wheat,33,10,11,6.6,67.3,25.7,78.2,DAP
Sandy,Wheat,48,51,39,6.5,51.2,21.2,40.1,17-17-17
Black,Groundnut,84,45,7,7.2,63.8,22.4,42.2,10-26-26
Red,Wheat,104,44,55,5.9,25.6,24.6,50.3,DAP
Sandy,Wheat,12,29,44,7.3,35.0,25.6,45.9,28-28-0
Red,Millets,115,83,66,7.4,26.1,24.4,60.3,17-17-17
Sandy,Wheat,50,18,12,7.6,34.0,31.8,58.7,DAP
Clayey,Rice,77,60,60,6.8,59.7,32.1,45.2,17-17-17
Clayey,Pulses,99,44,58,8.4,41.5,26.9,83.1,DAP
Black,Groundnut,119,10,59,7.3,40.4,37.2,44.5,DAP
Red,Rice,97,98,94,8.1,33.6,25.1,60.0,17-17-17
Loamy,Sugarcane,13,28,19,7.0,44.6,34.1,47.0,14-35-14
Sandy,Cotton,80,40,65,5.6,63.2,20.6,46.2,DAP
Loamy,Millets,72,92,25,8.4,34.3,28.4,82.2,17-17-17
Loamy,Rice,78,97,63,6.3,40.5,25.7,59.1,17-17-17
Sandy,Sugarcane,55,54,15,8.3,73.4,22.1,56.2,10-26-26
Clayey,Millets,103,24,19,7.0,45.7,20.9,46.7,DAP
Sandy,Wheat,30,12,77,6.8,32.8,28.1,59.1,DAP
Sandy,Cotton,53,47,45,5.6,70.5,32.2,68.6,17-17-17
Loamy,Wheat,38,80,28,8.4,39.3,22.7,47.9,Urea
Sandy,Cotton,84,56,19,6.5,54.7,22.3,78.7,10-26-26
Red,Groundnut,53,25,19,6.6,73.0,22.1,83.6,DAP
Black,Cotton,61,56,47,8.4,46.0,24.6,69.9,DAP
Sandy,Groundnut,84,45,98,6.3,47.4,36.5,80.5,DAP
Clayey,Cotton,112,73,13,6.5,38.4,25.1,85.0,10-26-26
Red,Cotton,53,21,67,6.2,69.3,24.9,74.6,DAP
Clayey,Groundnut,7,8,92,8.0,58.5,33.7,63.1,28-28-0
Loamy,Wheat,35,30,27,6.8,57.8,26.3,63.4,14-35-14
Red,Millets,78,24,51,7.0,29.0,28.8,68.4,DAP
Sandy,Groundnut,106,16,30,6.7,70.1,27.6,65.7,DAP
Sandy,Wheat,56,64,38,8.0,50.1,37.9,48.1,Urea
Red,Pulses,97,37,42,6.2,48.4,24.7,59.4,DAP
Black,Chickpea,94,28,81,8.2,50.2,30.0,82.6,DAP
Red,Wheat,75,5,64,6.8,47.5,24.8,64.1,DAP
Black,Wheat,29,8,68,5.8,50.0,33.8,83.2,28-28-0
Clayey,Cotton,63,57,12,6.7,46.7,22.8,79.6,10-26-26
Sandy,Chickpea,14,51,8,8.3,65.5,23.2,51.4,10-26-26
Clayey,Groundnut,85,32,23,7.3,50.0,20.6,47.7,10-26-26
Red,Wheat,54,32,87,6.7,69.1,38.0,84.4,Urea
Sandy,Cotton,6,32,78,7.9,26.2,30.9,63.6,28-28-0
Loamy,Sugarcane,85,96,14,6.7,70.7,26.8,42.8,10-26-26
Loamy,Sugarcane,90,98,44,8.1,70.3,31.7,73.7,17-17-17
Clayey,Wheat,23,76,37,7.7,66.6,29.1,72.3,Urea
Loamy,Wheat,34,80,48,7.7,60.0,34.8,70.7,Urea
Loamy,Chickpea,95,76,78,6.8,57.9,32.0,49.6,17-17-17
Red,Millets,12,17,89,5.7,44.6,26.9,84.2,28-28-0
Clayey,Chickpea,73,71,51,7.8,55.9,33.2,41.4,17-17-17
Clayey,Chickpea,58,78,71,8.0,63.9,33.5,48.9,Urea
Loamy,Cotton,35,30,26,7.9,30.7,27.5,73.1,14-35-14
Loamy,Wheat,99,63,58,8.2,51.9,20.5,51.7,17-17-17
Red,Sugarcane,50,18,48,5.8,42.0,29.6,71.7,DAP
Red,Cotton,110,39,99,6.9,53.3,25.6,69.6,DAP
Black,Wheat,100,56,24,5.9,27.9,32.0,80.3,10-26-26
Clayey,Millets,48,10,54,7.8,32.9,29.0,61.8,DAP
Red,Sugarcane,49,75,84,5.9,27.0,27.5,74.6,Urea
Black,Groundnut,115,40,11,5.8,39.7,20.7,67.9,10-26-26
Sandy,Chickpea,42,78,84,7.6,73.4,31.3,53.6,Urea
Loamy,Sugarcane,22,68,81,5.5,57.8,30.5,42.8,Urea
Sandy,Wheat,29,70,22,6.2,67.7,20.9,65.8,10-26-26
Black,Wheat,53,90,17,5.7,57.6,29.2,84.7,10-26-26
Loamy,Groundnut,23,67,96,6.1,31.2,32.4,61.7,Urea
Black,Pulses,18,89,67,5.5,55.8,34.7,78.7,Urea
Black,Millets,80,51,9,7.6,56.9,28.1,71.1,10-26-26
Black,Groundnut,99,17,82,8.2,64.7,30.1,46.9,DAP
Sandy,Rice,62,10,93,7.9,41.0,28.0,41.5,DAP
Red,Cotton,13,67,76,6.4,67.4,27.1,47.9,Urea
Sandy,Rice,88,54,52,7.8,70.6,37.0,56.4,DAP
Red,Millets,18,10,99,7.8,61.6,30.0,84.4,28-28-0
Loamy,Rice,93,99,63,5.8,61.7,37.5,67.2,17-17-17
Loamy,Wheat,10,93,27,7.3,54.7,34.9,47.1,Urea
Clayey,Cotton,12,65,12,7.9,32.4,21.9,49.3,10-26-26
Loamy,Millets,26,91,44,8.1,44.5,25.6,60.8,Urea
Black,Groundnut,84,66,97,7.2,37.3,34.1,81.9,17-17-17
Clayey,Groundnut,9,68,54,7.4,41.1,30.2,55.3,Urea
Red,Groundnut,93,89,13,8.4,57.7,23.5,68.7,10-26-26
Black,Groundnut,97,24,37,6.7,55.4,29.9,70.5,DAP
Red,Pulses,111,77,93,6.5,57.2,25.9,72.4,17-17-17
Clayey,Millets,48,54,21,6.6,59.8,30.0,40.5,10-26-26
Loamy,Chickpea,67,80,57,7.4,52.9,31.6,70.6,17-17-17
Sandy,Wheat,83,80,65,8.2,71.6,37.6,44.9,17-17-17
Loamy,Rice,77,63,73,6.7,51.6,35.3,65.2,17-17-17
Loamy,Groundnut,17,31,74,5.7,29.2,25.2,56.5,28-28-0
Loamy,Sugarcane,96,91,72,7.9,59.2,30.8,53.2,17-17-17
Black,Cotton,11,75,54,5.8,53.2,29.3,57.2,Urea
Clayey,Cotton,54,84,85,7.1,26.1,24.4,65.2,Urea
Sandy,Sugarcane,22,70,52,6.8,31.9,31.4,84.3,Urea
Black,Pulses,12,14,52,8.5,46.6,28.8,63.3,28-28-0
Black,Groundnut,22,27,66,8.4,53.8,20.7,54.2,28-28-0
Black,Groundnut,20,74,70,6.7,63.7,36.6,78.4,Urea
Sandy,Sugarcane,33,41,47,6.3,67.9,36.7,56.4,Urea
